Attrition_Flag,Customer_Age,Gender,Dependent_count,Education_Level,Marital_Status,Income_Category,Card_Category,Months_on_book,Total_Relationship_Count,Credit_Limit,Avg_Utilization_Ratio
0,56,F,3,High School,Married,Less than $40K,Blue,37,6,4008.0,0.412
0,48,F,5,Post-Graduate,Married,$40K - $60K,Blue,38,3,2926.0,0.245
0,56,M,1,Uneducated,Married,$120K +,Blue,36,3,6041.0,0.224
0,47,M,4,Graduate,Married,$60K - $80K,Blue,30,4,2257.0,0.397
0,37,M,4,Graduate,Married,$60K - $80K,Blue,30,5,2578.0,0.976
0,38,F,3,High School,Single,$40K - $60K,Gold,26,2,23981.0,0.0
1,50,F,3,Graduate,Divorced,Less than $40K,Blue,40,5,4248.0,0.074
0,51,M,3,High School,Single,$80K - $120K,Silver,38,5,34516.0,0.052
1,31,M,0,Post-Graduate,Married,Less than $40K,Blue,21,1,3768.0,0.0
0,60,M,0,College,Single,$80K - $120K,Silver,53,6,34516.0,0.04
0,27,F,2,College,Divorced,Less than $40K,Blue,14,4,2549.0,0.836
0,65,M,0,Graduate,Single,$40K - $60K,Blue,36,4,1438.3,0.474
0,34,M,3,Uneducated,Married,$60K - $80K,Blue,25,6,2345.0,0.701
0,64,F,0,High School,Married,Less than $40K,Blue,56,6,2174.0,0.643
0,51,F,1,Graduate,Married,Less than $40K,Blue,42,6,5822.0,0.41
0,52,F,3,Post-Graduate,Single,Less than $40K,Blue,45,5,2555.0,0.666
0,41,M,5,Graduate,Married,$80K - $120K,Blue,37,1,12578.0,0.2
0,34,F,2,High School,Divorced,Less than $40K,Blue,36,3,2426.0,0.0
1,43,M,5,Graduate,Married,$60K - $80K,Blue,38,2,1438.3,0.0
0,58,M,2,College,Married,$120K +,Blue,53,2,24407.0,0.098
0,36,M,1,Graduate,Single,$60K - $80K,Blue,36,3,2601.0,0.699
0,60,F,0,Uneducated,Single,Less than $40K,Silver,49,3,11060.0,0.149
0,44,M,0,High School,Single,$60K - $80K,Blue,36,6,6606.0,0.381
0,46,M,2,Post-Graduate,Single,$40K - $60K,Silver,40,4,15459.0,0.0
0,46,M,4,High School,Married,$80K - $120K,Blue,36,2,32949.0,0.036
0,51,M,4,College,Married,$120K +,Silver,31,5,34516.0,0.036
0,46,M,3,College,Single,$120K +,Blue,30,5,27378.0,0.069
0,36,M,2,Graduate,Married,$60K - $80K,Blue,28,6,2540.0,0.552
0,61,M,0,Graduate,Married,$60K - $80K,Blue,49,4,3352.0,0.511
1,60,F,2,High School,Married,Less than $40K,Blue,42,3,1438.3,0.0
0,55,M,1,Graduate,Single,$120K +,Blue,42,4,34516.0,0.043
0,34,M,2,College,Married,$80K - $120K,Blue,22,4,1631.0,0.0
1,40,M,3,High School,Single,$80K - $120K,Blue,36,2,4620.0,0.0
0,36,M,2,Graduate,Married,Less than $40K,Blue,23,2,3920.0,0.0
0,49,F,0,Post-Graduate,Married,Less than $40K,Blue,36,6,3007.0,0.837
0,45,M,3,High School,Divorced,$60K - $80K,Blue,40,4,17576.0,0.0
0,53,F,3,Graduate,Married,Less than $40K,Blue,47,4,1562.0,0.481
0,41,M,4,Uneducated,Divorced,$80K - $120K,Blue,36,6,30030.0,0.068
0,51,F,2,Post-Graduate,Married,Less than $40K,Blue,44,3,1438.3,0.717
0,51,F,1,Graduate,Married,Less than $40K,Blue,40,3,2774.0,0.491
0,45,F,4,High School,Single,Less than $40K,Silver,36,2,14416.0,0.0
0,56,F,0,Graduate,Single,Less than $40K,Blue,45,3,2463.0,0.658
0,64,M,1,Graduate,Single,Less than $40K,Blue,36,4,1861.0,0.901
0,34,M,1,Uneducated,Married,$60K - $80K,Blue,18,3,10488.0,0.156
0,35,F,4,Doctorate,Married,Less than $40K,Blue,36,3,1438.3,0.421
0,51,F,3,College,Married,Less than $40K,Blue,36,6,1936.0,0.0
0,43,M,3,Graduate,Married,$80K - $120K,Blue,32,2,4196.0,0.317
0,42,M,2,College,Single,$60K - $80K,Blue,36,5,8083.0,0.0
0,37,F,3,Graduate,Single,Less than $40K,Blue,36,5,3685.0,0.379
0,59,M,0,Uneducated,Married,Less than $40K,Blue,46,6,3939.0,0.639
0,57,M,0,Doctorate,Married,$60K - $80K,Blue,36,3,5335.0,0.226
0,41,M,4,High School,Married,Less than $40K,Blue,30,3,1614.0,0.434
1,56,F,1,College,Single,Less than $40K,Blue,48,4,2783.0,0.633
0,44,M,4,Post-Graduate,Single,$120K +,Blue,32,2,23957.0,0.088
0,38,F,3,Graduate,Married,Less than $40K,Blue,34,5,3402.0,0.533
1,54,F,2,Uneducated,Married,Less than $40K,Blue,50,3,2247.0,0.0
0,56,M,2,High School,Married,$80K - $120K,Blue,43,2,29394.0,0.034
0,44,F,3,Graduate,Married,Less than $40K,Blue,36,3,1699.0,0.0
0,44,F,3,College,Divorced,$40K - $60K,Blue,34,5,4513.0,0.432
0,46,M,4,High School,Divorced,$40K - $60K,Silver,36,2,15034.0,0.09
0,48,M,2,High School,Single,$80K - $120K,Blue,36,3,10227.0,0.166
0,52,M,2,College,Single,$60K - $80K,Blue,37,4,2749.0,0.502
0,40,F,2,High School,Single,$40K - $60K,Blue,35,2,2544.0,0.673
1,47,M,2,High School,Married,$60K - $80K,Blue,39,2,18660.0,0.039
0,44,M,1,Graduate,Single,$60K - $80K,Blue,37,3,16739.0,0.073
0,54,F,2,Doctorate,Married,Less than $40K,Blue,35,1,1685.0,0.0
0,48,F,2,Graduate,Married,Less than $40K,Silver,35,5,13994.0,0.0
0,57,M,2,Uneducated,Single,$40K - $60K,Blue,52,5,12291.0,0.186
0,49,M,2,College,Single,$60K - $80K,Blue,41,6,6205.0,0.36
0,56,F,1,Graduate,Married,Less than $40K,Blue,50,4,1584.0,0.828
0,40,F,1,High School,Single,Less than $40K,Blue,29,3,2506.0,0.543
0,49,M,4,High School,Single,$60K - $80K,Blue,30,5,1579.0,0.57
1,43,F,5,Uneducated,Single,Less than $40K,Blue,36,5,2689.0,0.887
0,43,M,5,High School,Married,$60K - $80K,Blue,36,5,2810.0,0.848
0,41,F,1,High School,Single,Less than $40K,Blue,31,4,1998.0,0.0
0,56,F,1,Graduate,Married,Less than $40K,Blue,49,5,5097.0,0.226
1,30,M,2,Graduate,Married,Less than $40K,Silver,18,1,10017.0,0.072
0,38,F,1,Graduate,Single,Less than $40K,Blue,29,2,7504.0,0.151
0,42,F,4,College,Married,Less than $40K,Blue,27,6,2043.0,0.0
0,37,M,1,Graduate,Single,$60K - $80K,Blue,27,4,4288.0,0.548
0,48,F,3,Uneducated,Married,Less than $40K,Blue,38,1,4095.0,0.615
0,43,M,3,Uneducated,Married,$120K +,Blue,37,1,16909.0,0.069
0,44,M,3,Uneducated,Single,$40K - $60K,Blue,30,3,1547.0,0.0
1,53,F,2,Graduate,Married,Less than $40K,Blue,47,3,2927.0,0.86
0,47,F,3,Post-Graduate,Married,Less than $40K,Blue,28,1,8257.0,0.116
0,39,M,2,High School,Married,$80K - $120K,Blue,34,6,8823.0,0.175
0,45,M,2,College,Single,$60K - $80K,Blue,33,6,23218.0,0.078
0,58,M,1,Graduate,Married,$60K - $80K,Blue,46,3,10021.0,0.161
0,54,F,4,College,Single,Less than $40K,Blue,44,3,2901.0,0.868
0,37,M,3,Uneducated,Single,$40K - $60K,Blue,19,3,2186.0,0.542
0,40,F,4,High School,Married,$40K - $60K,Blue,28,4,11494.0,0.101
1,58,M,2,Graduate,Married,$40K - $60K,Blue,48,2,4085.0,0.548
0,49,F,1,Graduate,Married,Less than $40K,Blue,44,2,8284.0,0.096
0,62,M,0,Graduate,Married,$60K - $80K,Blue,51,3,5450.0,0.177
0,31,F,1,Post-Graduate,Married,Less than $40K,Blue,21,2,5342.0,0.375
0,46,M,1,Uneducated,Married,$60K - $80K,Blue,27,1,13056.0,0.145
0,45,M,0,Uneducated,Single,$80K - $120K,Blue,36,1,20356.0,0.1
1,41,F,2,High School,Divorced,Less than $40K,Blue,28,4,1478.0,0.355
0,47,F,3,Doctorate,Married,Less than $40K,Blue,36,4,1438.3,0.537
0,47,M,3,Post-Graduate,Divorced,$60K - $80K,Blue,37,6,5731.0,0.275
0,27,F,1,College,Divorced,Less than $40K,Blue,15,5,2166.0,0.411
0,53,F,3,Uneducated,Married,$40K - $60K,Blue,42,6,2293.0,0.637
0,51,M,1,High School,Single,$60K - $80K,Blue,45,3,2458.0,0.0
1,53,M,1,High School,Single,$80K - $120K,Blue,36,3,11778.0,0.0
0,48,M,5,College,Married,Less than $40K,Blue,39,2,6797.0,0.329
1,50,M,1,Graduate,Single,$80K - $120K,Silver,43,6,34516.0,0.013
1,41,M,4,Uneducated,Married,$80K - $120K,Blue,37,1,23250.0,0.0
0,50,M,2,Graduate,Single,$80K - $120K,Blue,35,3,2514.0,0.605
0,54,F,1,High School,Married,Less than $40K,Blue,42,3,2474.0,0.622
0,38,F,4,Graduate,Married,Less than $40K,Blue,30,5,3144.0,0.705
0,41,M,3,Uneducated,Married,$80K - $120K,Blue,24,4,4119.0,0.402
0,62,F,0,Graduate,Divorced,Less than $40K,Blue,56,3,2230.0,0.77
0,42,F,4,Graduate,Single,Less than $40K,Blue,26,5,2950.0,0.578
1,68,M,0,High School,Married,Less than $40K,Blue,52,1,1438.3,0.626
0,46,F,3,Uneducated,Married,Less than $40K,Blue,35,6,2069.0,0.532
0,64,F,0,Uneducated,Single,Less than $40K,Blue,36,3,7112.0,0.191
0,50,F,1,Post-Graduate,Single,$40K - $60K,Blue,38,3,4182.0,0.0
0,55,F,4,Graduate,Single,Less than $40K,Blue,41,6,4430.0,0.348
0,43,M,2,High School,Divorced,$80K - $120K,Blue,31,6,34516.0,0.031
0,47,F,3,Graduate,Divorced,Less than $40K,Blue,42,3,1438.3,0.0
1,58,M,1,Graduate,Single,$120K +,Blue,36,2,28618.0,0.0
0,48,F,4,College,Single,Less than $40K,Blue,38,4,4894.0,0.308
0,51,M,3,Doctorate,Married,$80K - $120K,Blue,45,5,32096.0,0.0
0,47,M,3,Graduate,Married,$60K - $80K,Blue,36,2,21331.0,0.059
0,39,M,3,High School,Single,$60K - $80K,Blue,32,3,21718.0,0.11
0,62,M,1,Graduate,Single,$60K - $80K,Blue,36,3,2796.0,0.0
0,53,F,3,Uneducated,Single,Less than $40K,Blue,48,5,4908.0,0.291
0,45,M,3,Post-Graduate,Divorced,$60K - $80K,Blue,37,6,2751.0,0.884
0,31,M,0,Graduate,Divorced,$80K - $120K,Silver,19,1,34516.0,0.057
0,38,F,3,College,Married,Less than $40K,Blue,36,1,3297.0,0.471
0,57,M,1,High School,Single,$120K +,Blue,47,4,9272.0,0.106
0,52,F,3,Graduate,Married,Less than $40K,Blue,39,4,2001.0,0.454
0,47,M,4,Uneducated,Married,$60K - $80K,Blue,43,4,6519.0,0.234
0,60,F,1,Graduate,Single,Less than $40K,Blue,45,2,9752.0,0.146
0,31,M,1,College,Married,$80K - $120K,Blue,36,4,4260.0,0.417
0,39,M,1,High School,Divorced,$60K - $80K,Blue,33,5,5926.0,0.211
0,30,F,1,Graduate,Single,Less than $40K,Blue,18,4,1438.3,0.0
0,48,M,2,Post-Graduate,Married,$40K - $60K,Blue,42,3,1898.0,0.0
0,57,M,3,Graduate,Single,$80K - $120K,Blue,50,2,17096.0,0.103
0,41,M,4,Graduate,Single,$120K +,Blue,35,5,34516.0,0.024
0,47,F,2,College,Married,Less than $40K,Blue,36,6,1438.3,0.0
0,36,M,4,Graduate,Single,$60K - $80K,Blue,36,3,20337.0,0.079
0,50,M,3,High School,Single,$40K - $60K,Blue,31,5,9949.0,0.161
1,53,F,3,Uneducated,Single,Less than $40K,Blue,35,6,9786.0,0.0
0,46,M,2,High School,Single,$120K +,Blue,36,3,13001.0,0.114
0,46,F,4,Post-Graduate,Divorced,Less than $40K,Blue,41,4,1752.0,0.349
0,57,F,0,High School,Married,$40K - $60K,Blue,45,3,2278.0,0.371
1,59,F,0,Graduate,Married,Less than $40K,Blue,36,2,1708.0,0.0
0,48,F,2,High School,Single,Less than $40K,Blue,36,3,5483.0,0.098
0,45,M,2,Doctorate,Married,$120K +,Blue,38,4,1686.0,0.0
0,49,F,4,Uneducated,Married,Less than $40K,Blue,38,1,2305.0,0.509
0,65,F,0,Graduate,Married,Less than $40K,Blue,49,4,3297.0,0.697
0,49,F,3,Uneducated,Married,Less than $40K,Blue,42,6,3949.0,0.37
0,47,F,3,Graduate,Single,Less than $40K,Blue,43,4,5062.0,0.281
0,44,M,3,High School,Married,$60K - $80K,Blue,36,4,2188.0,0.567
1,42,M,0,High School,Single,$60K - $80K,Blue,36,4,15699.0,0.0
0,42,F,3,Graduate,Single,Less than $40K,Blue,37,5,8017.0,0.0
0,53,F,2,High School,Single,Less than $40K,Blue,40,3,1438.3,0.0
0,51,F,2,High School,Married,Less than $40K,Blue,45,4,3183.0,0.427
0,36,F,3,High School,Married,Less than $40K,Blue,26,6,4331.0,0.334
0,52,M,4,Graduate,Married,$80K - $120K,Blue,32,4,1438.3,0.488
0,48,M,3,Doctorate,Married,$60K - $80K,Blue,36,3,8876.0,0.128
0,51,F,1,High School,Married,Less than $40K,Blue,43,5,1822.0,0.611
0,43,F,2,Uneducated,Divorced,Less than $40K,Blue,31,5,4332.0,0.303
0,47,M,3,Graduate,Married,$80K - $120K,Blue,41,6,11997.0,0.119
0,64,F,1,Graduate,Single,$40K - $60K,Blue,56,5,5152.0,0.184
0,42,F,2,Uneducated,Married,Less than $40K,Blue,28,1,2573.0,0.677
0,50,M,2,Graduate,Married,$80K - $120K,Blue,37,6,1438.3,0.599
1,43,M,2,Uneducated,Married,$60K - $80K,Blue,24,2,14447.0,0.0
0,50,F,2,Uneducated,Single,$40K - $60K,Blue,35,4,2784.0,0.883
0,57,M,2,College,Married,$60K - $80K,Blue,52,5,6584.0,0.276
0,57,M,3,High School,Single,$80K - $120K,Blue,38,4,12663.0,0.081
0,39,M,3,Uneducated,Single,$80K - $120K,Blue,36,4,12618.0,0.126
0,57,M,2,Graduate,Married,$80K - $120K,Blue,40,3,12208.0,0.162
0,48,F,1,Doctorate,Married,Less than $40K,Blue,43,2,2559.0,0.592
0,37,F,2,Graduate,Married,Less than $40K,Blue,25,4,1438.3,0.0
0,40,M,2,College,Married,$80K - $120K,Blue,36,3,7840.0,0.0
1,50,M,2,High School,Single,$80K - $120K,Blue,38,1,4915.0,0.094
0,31,F,0,Uneducated,Single,Less than $40K,Blue,20,4,4712.0,0.203
0,49,M,3,College,Single,$120K +,Blue,36,5,34516.0,0.0
0,49,M,2,Post-Graduate,Married,$60K - $80K,Blue,37,5,2608.0,0.609
1,40,M,3,Graduate,Married,$120K +,Blue,27,5,2269.0,0.0
0,60,F,1,High School,Married,Less than $40K,Blue,47,2,3845.0,0.38
0,32,M,0,Graduate,Divorced,$40K - $60K,Blue,36,2,7473.0,0.168
0,48,M,3,High School,Single,$80K - $120K,Blue,36,3,10111.0,0.086
0,59,M,0,Uneducated,Single,$60K - $80K,Blue,48,5,4906.0,0.265
0,45,F,3,High School,Married,Less than $40K,Blue,33,1,4174.0,0.601
0,40,F,3,Graduate,Married,$40K - $60K,Blue,20,5,6247.0,0.241
0,48,M,4,High School,Married,$80K - $120K,Blue,36,6,19762.0,0.026
0,48,M,3,College,Married,$80K - $120K,Blue,41,4,12302.0,0.133
1,45,M,4,Graduate,Married,$80K - $120K,Blue,35,2,23542.0,0.056
0,43,M,4,High School,Single,$60K - $80K,Blue,36,4,4983.0,0.272
0,42,M,3,Uneducated,Divorced,$60K - $80K,Blue,34,2,2289.0,0.522
0,46,M,2,Uneducated,Single,$120K +,Blue,33,6,34516.0,0.02
0,39,M,2,Uneducated,Single,$80K - $120K,Blue,36,6,7901.0,0.15
0,42,M,3,Graduate,Married,$60K - $80K,Blue,29,3,12294.0,0.205
1,40,F,4,Uneducated,Single,Less than $40K,Blue,24,5,4212.0,0.598
0,52,F,2,College,Married,$40K - $60K,Blue,41,3,3224.0,0.655
0,38,M,3,College,Married,$80K - $120K,Blue,30,5,3976.0,0.419
0,51,M,4,High School,Married,$80K - $120K,Blue,41,5,15897.0,0.09
0,45,F,3,Graduate,Single,Less than $40K,Blue,36,5,4753.0,0.0
0,34,M,3,High School,Married,$40K - $60K,Blue,29,6,2937.0,0.296
0,47,F,3,High School,Single,Less than $40K,Blue,31,5,2317.0,0.0
0,58,F,4,Uneducated,Married,Less than $40K,Blue,47,3,2822.0,0.77
0,49,F,4,Doctorate,Single,Less than $40K,Blue,42,5,7789.0,0.123
0,53,M,1,Graduate,Single,$80K - $120K,Blue,43,4,11909.0,0.085
0,61,M,1,Graduate,Married,$60K - $80K,Blue,55,6,3264.0,0.413
1,49,F,3,High School,Married,Less than $40K,Blue,45,3,2951.0,0.826
0,36,M,2,College,Married,$40K - $60K,Blue,36,4,3877.0,0.386
0,37,F,2,Graduate,Single,$40K - $60K,Blue,36,4,2407.0,0.645
1,48,M,1,Post-Graduate,Single,$80K - $120K,Blue,38,4,13174.0,0.0
1,49,M,2,High School,Divorced,$80K - $120K,Blue,36,4,34516.0,0.073
0,44,F,3,Graduate,Married,Less than $40K,Blue,36,6,2420.0,0.505
1,47,F,3,Doctorate,Married,Less than $40K,Blue,35,2,4779.0,0.527
1,55,M,2,Graduate,Married,$120K +,Blue,36,3,4697.0,0.0
0,41,M,4,Graduate,Married,$80K - $120K,Blue,27,4,12270.0,0.0
0,50,M,3,Uneducated,Single,$80K - $120K,Blue,36,5,24742.0,0.068
0,29,M,0,Graduate,Married,Less than $40K,Blue,15,3,4700.0,0.0
0,36,M,2,College,Single,$60K - $80K,Blue,24,5,23032.0,0.036
0,50,M,3,High School,Married,$60K - $80K,Blue,35,3,14854.0,0.144
0,41,M,4,Uneducated,Single,$80K - $120K,Blue,30,3,14480.0,0.0
1,53,F,4,Graduate,Married,Less than $40K,Blue,37,3,1722.0,0.0
0,45,M,4,Graduate,Single,$80K - $120K,Blue,40,4,6363.0,0.162
1,37,M,3,College,Married,$60K - $80K,Blue,19,2,3100.0,0.812
0,41,F,2,Graduate,Married,Less than $40K,Blue,30,6,2157.0,0.334
0,50,F,2,Post-Graduate,Single,Less than $40K,Blue,45,2,1529.0,0.464
0,52,M,3,Graduate,Married,$80K - $120K,Blue,42,5,17302.0,0.077
0,41,M,1,Doctorate,Married,$80K - $120K,Blue,32,4,10130.0,0.143
1,54,M,3,High School,Married,$80K - $120K,Blue,36,2,9457.0,0.037
0,49,M,2,Graduate,Married,$60K - $80K,Blue,32,2,1687.0,0.656
0,32,F,1,Graduate,Married,Less than $40K,Blue,20,3,5497.0,0.316
0,45,M,5,High School,Married,$60K - $80K,Blue,37,3,15626.0,0.073
0,53,M,1,Graduate,Married,$80K - $120K,Blue,48,4,3074.0,0.777
0,45,M,3,Graduate,Divorced,$60K - $80K,Blue,37,4,3291.0,0.488
1,48,F,1,Graduate,Single,Less than $40K,Blue,41,6,3001.0,0.161
0,61,M,0,Uneducated,Single,$80K - $120K,Blue,36,4,19354.0,0.051
0,37,M,1,Graduate,Married,$40K - $60K,Blue,17,3,3350.0,0.0
0,48,M,4,Post-Graduate,Divorced,$60K - $80K,Blue,38,3,11596.0,0.108
0,65,M,0,High School,Single,$40K - $60K,Blue,53,3,2507.0,0.643
1,51,M,3,Post-Graduate,Married,$80K - $120K,Silver,37,6,34516.0,0.029
0,39,M,3,Graduate,Married,$60K - $80K,Blue,36,6,13049.0,0.072
1,32,M,1,Uneducated,Married,Less than $40K,Blue,23,1,2218.0,0.765
1,48,M,5,Graduate,Single,$40K - $60K,Blue,38,2,4446.0,0.0
0,46,M,3,High School,Married,$120K +,Blue,35,2,4916.0,0.228
0,37,M,3,Doctorate,Single,$60K - $80K,Blue,30,6,5924.0,0.173
1,48,F,3,Doctorate,Single,Less than $40K,Blue,39,3,1644.0,0.304
0,44,M,1,College,Single,$60K - $80K,Blue,35,3,24312.0,0.079
0,57,F,3,High School,Married,Less than $40K,Blue,36,6,3542.0,0.682
0,40,M,3,Graduate,Single,$80K - $120K,Blue,34,3,22380.0,0.055
0,35,F,1,Graduate,Single,$40K - $60K,Blue,16,3,2546.0,0.529
0,58,M,1,Graduate,Married,$80K - $120K,Blue,42,4,12421.0,0.203
0,41,M,3,Post-Graduate,Divorced,$120K +,Blue,29,6,3491.0,0.718
0,45,F,4,Post-Graduate,Single,$40K - $60K,Blue,35,3,1850.0,0.336
0,59,F,1,Graduate,Single,Less than $40K,Blue,39,5,4404.0,0.516
0,36,F,2,Uneducated,Married,Less than $40K,Blue,30,2,5070.0,0.0
1,42,M,3,Graduate,Married,$40K - $60K,Blue,23,5,5791.0,0.435
0,67,M,1,Uneducated,Married,$40K - $60K,Blue,49,4,3106.0,0.539
0,48,M,4,Doctorate,Single,$80K - $120K,Blue,36,6,18102.0,0.076
0,39,F,2,Graduate,Married,Less than $40K,Blue,28,4,1438.3,0.0
0,48,M,4,Graduate,Married,$80K - $120K,Blue,40,1,28307.0,0.053
1,38,M,3,College,Married,$60K - $80K,Blue,36,5,6114.0,0.239
0,38,M,2,Uneducated,Single,$80K - $120K,Blue,32,6,3192.0,0.789
0,46,F,3,Graduate,Divorced,Less than $40K,Blue,36,3,2391.0,0.68
0,54,M,3,Graduate,Married,$40K - $60K,Blue,44,3,1655.0,0.0
0,48,F,3,College,Single,Less than $40K,Blue,38,3,7326.0,0.233
0,44,F,4,Graduate,Single,Less than $40K,Blue,36,4,2658.0,0.709
1,41,F,3,Graduate,Single,Less than $40K,Blue,33,5,1764.0,0.0
0,57,F,0,Uneducated,Married,Less than $40K,Blue,51,2,6996.0,0.299
0,50,M,2,Uneducated,Single,$80K - $120K,Blue,42,3,1645.0,0.0
0,33,F,2,Doctorate,Single,Less than $40K,Blue,26,2,1438.3,0.0
0,51,M,2,Uneducated,Single,$120K +,Blue,35,1,34516.0,0.031
1,30,F,1,College,Single,Less than $40K,Blue,36,4,4541.0,0.0
0,51,M,1,Uneducated,Married,$80K - $120K,Blue,41,5,5638.0,0.143
0,45,M,2,College,Married,$60K - $80K,Blue,38,4,16611.0,0.0
0,40,M,3,Post-Graduate,Married,$120K +,Blue,36,4,7464.0,0.337
0,32,F,2,High School,Single,Less than $40K,Silver,23,4,14143.0,0.104
0,33,M,2,College,Single,$80K - $120K,Blue,23,3,7081.0,0.265
1,46,M,4,High School,Married,$60K - $80K,Blue,36,1,8017.0,0.0
0,52,F,3,Post-Graduate,Married,$40K - $60K,Blue,33,3,3900.0,0.0
0,47,M,4,Post-Graduate,Divorced,$60K - $80K,Blue,36,4,20237.0,0.079
1,59,F,0,Doctorate,Married,Less than $40K,Blue,52,6,2302.0,0.0
1,32,M,3,Graduate,Married,$40K - $60K,Blue,20,2,3264.0,0.0
0,56,M,4,Graduate,Single,Less than $40K,Blue,36,3,3057.0,0.352
0,44,M,2,Graduate,Married,$60K - $80K,Blue,36,3,4141.0,0.344
0,54,M,2,High School,Married,$80K - $120K,Blue,50,4,9519.0,0.203
0,47,F,3,Graduate,Married,Less than $40K,Blue,36,4,1776.0,0.855
0,45,M,4,Graduate,Married,$120K +,Blue,36,5,34516.0,0.025
1,54,F,1,Graduate,Married,$40K - $60K,Blue,46,6,1632.0,0.215
0,36,M,1,High School,Single,$40K - $60K,Blue,20,5,12714.0,0.077
0,38,M,4,High School,Single,$80K - $120K,Gold,36,6,34516.0,0.033
0,47,F,3,Uneducated,Married,Less than $40K,Blue,36,5,1438.3,0.0
0,55,F,2,College,Divorced,Less than $40K,Blue,43,5,2239.0,0.598
0,32,F,1,High School,Married,Less than $40K,Blue,36,1,4097.0,0.316
0,45,F,4,Uneducated,Married,$40K - $60K,Blue,36,3,3111.0,0.736
1,39,M,3,Uneducated,Married,$60K - $80K,Blue,29,4,2187.0,0.0
0,41,M,3,High School,Married,$60K - $80K,Blue,28,5,9577.0,0.066
0,39,F,1,High School,Single,Less than $40K,Blue,33,6,2292.0,0.802
0,43,M,2,Doctorate,Divorced,$40K - $60K,Blue,34,4,2243.0,0.0
0,57,F,2,High School,Married,Less than $40K,Blue,46,5,5184.0,0.358
0,36,M,4,Doctorate,Divorced,$120K +,Blue,31,4,34516.0,0.043
0,44,F,1,High School,Married,$40K - $60K,Blue,31,2,4553.0,0.338
1,52,F,1,High School,Single,Less than $40K,Blue,36,3,1795.0,0.0
0,40,F,1,High School,Divorced,Less than $40K,Blue,30,6,2579.0,0.76
0,36,M,2,Graduate,Single,$40K - $60K,Blue,36,2,6763.0,0.245
0,40,M,2,Graduate,Married,$40K - $60K,Blue,36,5,2494.0,0.598
0,58,M,1,High School,Married,$40K - $60K,Blue,36,3,2165.0,0.524
0,45,F,2,Graduate,Married,Less than $40K,Blue,38,3,1513.0,0.521
0,56,M,4,Graduate,Single,$80K - $120K,Blue,46,2,25736.0,0.054
0,36,M,3,Graduate,Single,$120K +,Blue,36,6,24457.0,0.053
1,37,M,3,Graduate,Married,$60K - $80K,Blue,28,2,6407.0,0.075
0,45,F,5,High School,Married,Less than $40K,Blue,34,4,2030.0,0.625
0,43,F,5,Uneducated,Single,Less than $40K,Blue,39,3,3161.0,0.767
0,52,F,1,Graduate,Married,Less than $40K,Blue,47,3,1438.3,0.0
0,50,M,1,Uneducated,Married,$120K +,Blue,30,6,34516.0,0.058
0,42,F,1,Uneducated,Married,Less than $40K,Blue,29,3,2756.0,0.693
0,26,F,0,Post-Graduate,Single,Less than $40K,Blue,13,5,2902.0,0.575
0,44,M,3,High School,Divorced,$60K - $80K,Blue,36,4,22919.0,0.06
1,38,M,1,High School,Single,$120K +,Blue,30,5,10874.0,0.222
0,40,M,3,Graduate,Divorced,Less than $40K,Silver,36,1,11409.0,0.145
0,39,F,2,Doctorate,Married,$40K - $60K,Blue,29,5,1693.0,0.65
0,58,M,1,Uneducated,Single,$80K - $120K,Blue,54,1,5182.0,0.282
0,40,F,3,Uneducated,Married,Less than $40K,Blue,33,1,8712.0,0.114
1,51,M,3,Uneducated,Single,$80K - $120K,Blue,45,3,25670.0,0.0
1,44,F,2,Graduate,Married,Less than $40K,Blue,33,3,2417.0,0.0
0,58,F,1,Graduate,Married,Less than $40K,Blue,46,4,2203.0,0.633
0,57,F,2,Graduate,Married,Less than $40K,Blue,45,1,1860.0,0.0
0,51,F,2,Graduate,Married,Less than $40K,Blue,36,3,3106.0,0.42
0,39,F,2,Post-Graduate,Single,Less than $40K,Blue,27,4,6205.0,0.406
0,47,M,4,Graduate,Married,$60K - $80K,Silver,33,3,34516.0,0.049
0,29,F,1,Graduate,Married,Less than $40K,Blue,36,2,1438.3,0.0
0,43,M,1,High School,Married,$60K - $80K,Blue,31,2,3764.0,0.473
0,46,F,3,College,Single,Less than $40K,Blue,42,3,7616.0,0.164
0,42,F,3,High School,Married,Less than $40K,Blue,33,5,6848.0,0.0
0,44,F,1,Graduate,Married,Less than $40K,Blue,36,3,2568.0,0.624
0,50,F,1,Graduate,Single,$40K - $60K,Blue,37,3,12064.0,0.109
0,44,F,3,High School,Single,$40K - $60K,Blue,37,4,3410.0,0.326
0,37,F,4,Uneducated,Married,Less than $40K,Blue,36,4,2509.0,0.456
0,36,F,2,Graduate,Single,Less than $40K,Blue,36,6,2051.0,0.563
1,51,F,3,Uneducated,Married,Less than $40K,Blue,33,3,7428.0,0.0
0,39,M,3,Graduate,Single,$80K - $120K,Blue,34,4,19074.0,0.0
0,41,M,3,Graduate,Single,$60K - $80K,Blue,28,4,16443.0,0.083
0,44,M,4,Doctorate,Divorced,$80K - $120K,Blue,34,5,7150.0,0.264
1,36,M,2,Graduate,Single,Less than $40K,Blue,36,3,4225.0,0.596
1,51,M,3,Graduate,Single,$80K - $120K,Gold,36,4,34516.0,0.064
1,48,F,2,Doctorate,Married,Less than $40K,Blue,36,4,2514.0,0.831
0,27,F,0,Graduate,Married,Less than $40K,Blue,36,3,1674.0,0.449
1,54,F,1,Graduate,Married,Less than $40K,Blue,40,2,1438.3,0.562
1,50,M,1,Graduate,Divorced,$60K - $80K,Blue,44,3,7050.0,0.143
0,36,M,2,Doctorate,Married,$60K - $80K,Blue,30,3,4934.0,0.305
0,47,M,1,High School,Married,$60K - $80K,Blue,29,3,3394.0,0.0
0,57,M,0,Uneducated,Single,$60K - $80K,Blue,42,6,8377.0,0.145
1,42,F,2,Graduate,Married,Less than $40K,Blue,23,3,1929.0,0.867
1,50,F,4,Graduate,Single,Less than $40K,Blue,44,2,3201.0,0.786
0,44,M,4,College,Married,$80K - $120K,Blue,31,2,3472.0,0.486
0,60,M,1,Uneducated,Single,$60K - $80K,Blue,54,1,3618.0,0.269
0,52,F,1,Graduate,Single,Less than $40K,Blue,36,1,6616.0,0.126
0,45,M,4,Doctorate,Single,$120K +,Gold,36,1,34516.0,0.041
0,30,M,2,College,Divorced,$40K - $60K,Blue,22,3,3143.0,0.342
0,37,F,1,Graduate,Single,$40K - $60K,Blue,27,6,2673.0,0.942
0,38,F,2,Graduate,Single,Less than $40K,Blue,28,5,3311.0,0.47
0,39,M,1,Uneducated,Single,$80K - $120K,Blue,36,1,34458.0,0.025
0,54,F,3,High School,Married,Less than $40K,Blue,36,5,3666.0,0.474
0,58,F,3,Graduate,Married,Less than $40K,Blue,48,6,2800.0,0.655
0,53,M,0,Graduate,Single,$60K - $80K,Blue,35,3,17721.0,0.034
0,37,F,3,High School,Single,Less than $40K,Blue,25,3,2282.0,0.0
0,46,M,4,Post-Graduate,Married,$40K - $60K,Blue,36,1,2219.0,0.532
0,62,F,0,Graduate,Divorced,$40K - $60K,Blue,50,3,11352.0,0.222
0,61,F,1,Graduate,Single,Less than $40K,Blue,52,3,1438.3,0.0
1,30,M,0,Graduate,Single,Less than $40K,Silver,36,4,12833.0,0.0
0,49,F,4,College,Single,$40K - $60K,Blue,30,5,2765.0,0.438
0,44,M,3,Doctorate,Single,$120K +,Blue,35,4,14028.0,0.102
0,45,M,2,Post-Graduate,Married,$60K - $80K,Blue,36,1,5945.0,0.339
0,49,F,3,Graduate,Single,Less than $40K,Blue,36,5,2188.0,0.488
1,45,M,4,Graduate,Single,Less than $40K,Blue,36,5,1438.3,0.737
1,53,F,2,Uneducated,Single,$40K - $60K,Blue,47,1,1699.0,0.0
0,47,M,3,Graduate,Single,$60K - $80K,Blue,36,5,1896.0,0.59
0,48,F,5,Doctorate,Married,Less than $40K,Blue,33,2,5814.0,0.202
0,51,F,0,Doctorate,Single,Less than $40K,Blue,38,2,4132.0,0.609
0,39,F,2,Graduate,Single,Less than $40K,Blue,34,1,3246.0,0.775
0,45,M,5,Doctorate,Married,$120K +,Silver,36,6,34516.0,0.059
0,45,M,4,High School,Married,$40K - $60K,Blue,34,6,3104.0,0.569
1,43,F,1,Graduate,Single,Less than $40K,Blue,36,2,2886.0,0.0
0,41,F,3,Graduate,Single,Less than $40K,Blue,28,6,7768.0,0.215
0,52,F,3,Graduate,Single,Less than $40K,Blue,34,5,2996.0,0.717
0,55,M,3,Uneducated,Single,$120K +,Blue,48,5,3088.0,0.564
0,46,M,3,College,Single,$60K - $80K,Blue,36,4,1621.0,0.486
0,45,M,4,High School,Single,$60K - $80K,Blue,35,1,8449.0,0.248
0,41,F,3,High School,Married,Less than $40K,Blue,28,3,2354.0,0.811
0,59,F,1,Uneducated,Married,$40K - $60K,Blue,36,2,3720.0,0.422
0,37,M,4,College,Single,$60K - $80K,Blue,30,5,15936.0,0.052
0,51,M,3,Graduate,Single,$60K - $80K,Silver,36,3,29663.0,0.059
0,53,M,2,Uneducated,Married,$80K - $120K,Blue,43,6,6704.0,0.202
0,46,F,2,High School,Married,Less than $40K,Blue,35,6,4675.0,0.371
1,59,M,2,Uneducated,Single,$40K - $60K,Blue,53,4,2699.0,0.897
0,44,F,3,College,Married,$40K - $60K,Blue,34,3,3256.0,0.311
0,44,M,3,Graduate,Single,$80K - $120K,Gold,36,2,34516.0,0.073
0,46,M,0,High School,Divorced,$80K - $120K,Blue,36,3,16099.0,0.0
0,49,F,3,Uneducated,Divorced,Less than $40K,Blue,36,4,1902.0,0.0
0,43,F,4,Graduate,Married,Less than $40K,Blue,25,5,2772.0,0.643
0,50,M,0,Doctorate,Single,$80K - $120K,Blue,38,5,3460.0,0.544
1,38,F,2,Doctorate,Married,Less than $40K,Blue,28,5,1614.0,0.0
0,47,F,5,High School,Married,$40K - $60K,Blue,36,5,7061.0,0.257
1,31,M,1,Post-Graduate,Single,Less than $40K,Silver,36,6,12359.0,0.0
0,55,M,0,Doctorate,Married,$80K - $120K,Blue,36,3,8276.0,0.202
0,49,M,4,College,Divorced,$120K +,Blue,41,3,7184.0,0.168
0,38,F,0,High School,Single,Less than $40K,Silver,36,4,13747.0,0.141
1,48,M,4,College,Married,$80K - $120K,Blue,44,2,9524.0,0.152
0,48,M,4,Graduate,Married,$120K +,Blue,39,4,24931.0,0.054
0,46,F,1,Graduate,Single,$40K - $60K,Blue,34,4,3569.0,0.0
0,44,F,4,Graduate,Single,$40K - $60K,Blue,40,6,1572.0,0.556
1,44,F,2,High School,Single,Less than $40K,Blue,31,3,1506.0,0.112
0,50,F,1,Graduate,Single,Less than $40K,Blue,36,4,5012.0,0.447
0,56,M,2,High School,Married,$60K - $80K,Blue,36,4,2713.0,0.734
0,50,F,1,High School,Married,$40K - $60K,Blue,43,4,2961.0,0.692
0,46,F,3,Doctorate,Single,Less than $40K,Blue,34,4,2258.0,0.709
0,50,M,2,Uneducated,Single,$120K +,Blue,40,5,21794.0,0.063
0,33,M,3,Post-Graduate,Married,$80K - $120K,Blue,25,4,16434.0,0.128
0,49,F,1,High School,Married,Less than $40K,Blue,42,1,2215.0,0.608
0,49,F,2,Uneducated,Single,Less than $40K,Blue,31,6,2381.0,0.673
0,50,F,1,Uneducated,Single,Less than $40K,Blue,37,6,1837.0,0.362
0,33,F,3,High School,Married,Less than $40K,Blue,21,2,2831.0,0.412
1,44,M,3,High School,Single,$60K - $80K,Silver,36,5,25276.0,0.0
0,55,F,4,Graduate,Married,$40K - $60K,Blue,41,1,1438.3,0.0
0,53,M,5,Graduate,Single,$120K +,Gold,36,2,34516.0,0.06
1,48,F,3,Post-Graduate,Divorced,Less than $40K,Blue,36,5,9943.0,0.215
0,52,F,1,Graduate,Single,Less than $40K,Blue,44,6,2484.0,0.602
0,63,M,1,Graduate,Married,$40K - $60K,Blue,53,4,6128.0,0.309
0,48,M,3,Doctorate,Divorced,$80K - $120K,Blue,33,4,10292.0,0.0
1,58,F,2,High School,Married,Less than $40K,Blue,53,3,1944.0,0.0
0,47,F,3,High School,Married,Less than $40K,Blue,36,6,6524.0,0.305
0,39,F,2,Graduate,Married,Less than $40K,Blue,34,4,1438.3,0.597
0,37,M,2,Graduate,Married,$80K - $120K,Blue,27,4,12702.0,0.158
0,54,F,3,Doctorate,Single,Less than $40K,Blue,39,4,1764.0,0.0
0,46,M,3,College,Married,$80K - $120K,Blue,41,4,18927.0,0.047
1,38,F,3,Uneducated,Single,$40K - $60K,Blue,30,3,2435.0,0.999
0,37,F,2,College,Single,$40K - $60K,Blue,32,2,3680.0,0.186
0,57,F,3,College,Single,Less than $40K,Blue,42,1,2063.0,0.462
0,48,M,5,Uneducated,Single,$60K - $80K,Blue,38,6,22639.0,0.065
1,56,M,2,Graduate,Married,$120K +,Blue,36,1,15769.0,0.0
0,49,F,4,Graduate,Married,Less than $40K,Blue,39,4,5095.0,0.0
1,49,F,3,Post-Graduate,Single,Less than $40K,Blue,35,5,2214.0,0.413
0,49,F,2,College,Single,Less than $40K,Blue,41,6,2018.0,0.677
0,36,M,2,Post-Graduate,Single,$60K - $80K,Blue,30,4,1606.0,0.497
1,42,M,3,Graduate,Married,$60K - $80K,Blue,30,2,5298.0,0.0
1,44,F,3,College,Single,Less than $40K,Blue,28,6,1951.0,0.0
1,52,F,1,Graduate,Married,Less than $40K,Blue,42,1,1471.0,0.0
0,40,M,2,Graduate,Married,$120K +,Blue,28,6,18295.0,0.0
0,55,F,3,Uneducated,Divorced,Less than $40K,Blue,36,3,2111.0,0.573
0,42,F,3,Graduate,Married,Less than $40K,Blue,37,4,2730.0,0.477
0,52,F,2,Graduate,Married,Less than $40K,Blue,36,3,4950.0,0.369
0,40,M,1,Graduate,Married,$40K - $60K,Blue,23,6,6990.0,0.197
0,44,F,3,High School,Single,Less than $40K,Blue,34,2,3084.0,0.0
0,48,F,4,High School,Married,Less than $40K,Blue,38,5,2090.0,0.379
0,53,F,2,Graduate,Single,Less than $40K,Blue,48,3,3685.0,0.0
0,38,M,1,Graduate,Single,$80K - $120K,Blue,19,6,25662.0,0.059
0,56,F,1,Uneducated,Married,Less than $40K,Blue,36,6,5991.0,0.333
0,50,F,2,Uneducated,Single,Less than $40K,Blue,37,6,1438.3,0.524
0,36,F,1,Uneducated,Single,Less than $40K,Blue,30,6,5494.0,0.378
1,53,M,1,Post-Graduate,Single,$60K - $80K,Blue,46,6,4573.0,0.454
0,42,F,3,Graduate,Married,$40K - $60K,Blue,37,4,2470.0,0.815
0,37,M,3,Graduate,Divorced,$40K - $60K,Blue,36,5,5987.0,0.235
0,55,F,2,College,Married,Less than $40K,Blue,45,5,1850.0,0.509
0,49,M,1,College,Married,$60K - $80K,Blue,43,6,22036.0,0.071
1,45,F,4,Uneducated,Married,Less than $40K,Blue,38,3,4908.0,0.0
0,46,F,2,High School,Divorced,Less than $40K,Blue,26,4,1870.0,0.955
0,52,M,3,College,Married,$80K - $120K,Blue,33,3,27751.0,0.037
0,51,F,2,High School,Single,$40K - $60K,Blue,32,4,5351.0,0.0
0,52,M,2,College,Married,$80K - $120K,Blue,36,1,9959.0,0.105
0,35,F,2,Uneducated,Married,Less than $40K,Blue,36,3,2664.0,0.0
0,50,F,2,Uneducated,Married,$40K - $60K,Blue,41,2,10946.0,0.175
0,37,M,2,High School,Divorced,$120K +,Blue,24,4,3497.0,0.476
0,47,M,3,Graduate,Married,$80K - $120K,Blue,42,6,13189.0,0.091
1,42,M,2,Uneducated,Married,$40K - $60K,Blue,30,1,3032.0,0.0
0,36,M,2,Doctorate,Single,$40K - $60K,Blue,26,4,2845.0,0.885
0,52,M,2,High School,Single,$40K - $60K,Blue,45,3,13532.0,0.096
0,38,M,1,Graduate,Married,$60K - $80K,Blue,31,6,7475.0,0.197
0,39,F,2,Graduate,Married,$40K - $60K,Blue,36,4,1947.0,0.596
0,49,M,1,Graduate,Married,$40K - $60K,Blue,36,4,4158.0,0.454
0,58,F,0,Graduate,Single,Less than $40K,Blue,48,2,4299.0,0.31
1,44,F,1,High School,Married,Less than $40K,Blue,36,5,5409.0,0.0
0,55,M,0,High School,Married,$120K +,Blue,49,5,3805.0,0.587
0,49,F,3,High School,Married,Less than $40K,Blue,45,3,1438.3,0.505
0,30,F,0,Graduate,Single,Less than $40K,Blue,17,3,4868.0,0.224
0,35,F,2,Graduate,Married,$40K - $60K,Blue,27,5,1613.0,0.673
0,51,F,3,Graduate,Divorced,Less than $40K,Blue,39,5,2987.0,0.591
0,49,M,2,Uneducated,Married,$80K - $120K,Blue,36,2,3090.0,0.0
1,40,M,3,High School,Married,$80K - $120K,Blue,36,2,29149.0,0.0
0,46,F,4,Doctorate,Divorced,Less than $40K,Blue,38,4,4120.0,0.383
0,51,F,3,Uneducated,Married,Less than $40K,Blue,43,4,2882.0,0.0
0,54,F,2,Graduate,Single,Less than $40K,Blue,48,6,6610.0,0.14
0,37,M,1,High School,Married,$120K +,Blue,26,5,11726.0,0.164
0,36,F,0,Uneducated,Divorced,Less than $40K,Blue,32,3,3687.0,0.449
0,60,M,0,High School,Married,$60K - $80K,Blue,54,6,9592.0,0.205
0,45,F,1,Graduate,Single,Less than $40K,Blue,35,1,4977.0,0.284
1,56,M,4,High School,Married,$60K - $80K,Blue,46,3,2340.0,0.825
0,43,M,3,Doctorate,Married,$80K - $120K,Blue,27,4,3676.0,0.183
0,47,F,3,Uneducated,Single,Less than $40K,Blue,36,5,2723.0,0.583
0,44,F,3,Uneducated,Single,$40K - $60K,Blue,34,3,2245.0,0.598
0,51,M,2,Graduate,Married,$120K +,Blue,42,3,24221.0,0.07
0,49,F,2,High School,Married,$40K - $60K,Blue,39,5,2720.0,0.708
0,35,F,4,College,Married,Less than $40K,Blue,31,3,2933.0,0.345
0,44,F,3,Graduate,Married,Less than $40K,Silver,26,1,10877.0,0.166
0,43,M,4,College,Married,$40K - $60K,Blue,30,1,7386.0,0.089
0,41,M,4,College,Married,$120K +,Blue,28,5,28020.0,0.052
0,54,F,3,Uneducated,Married,$40K - $60K,Blue,49,5,5335.0,0.257
0,39,F,2,Graduate,Single,Less than $40K,Blue,31,5,8325.0,0.246
0,42,M,4,Graduate,Single,$60K - $80K,Blue,33,5,2021.0,0.857
0,44,F,4,Post-Graduate,Divorced,Less than $40K,Blue,26,4,2295.0,0.545
0,52,F,2,High School,Divorced,Less than $40K,Blue,32,6,2427.0,0.651
0,38,F,2,High School,Married,$40K - $60K,Blue,27,3,1776.0,0.893
0,43,M,2,High School,Single,$60K - $80K,Blue,35,5,1849.0,0.699
0,26,M,1,High School,Single,$60K - $80K,Blue,15,6,4327.0,0.0
0,57,M,3,Graduate,Single,$40K - $60K,Blue,48,3,9426.0,0.167
0,46,M,4,Graduate,Single,$120K +,Blue,34,4,34516.0,0.0
0,50,F,4,High School,Single,Less than $40K,Blue,42,2,1460.0,0.0
0,38,M,3,Graduate,Single,$60K - $80K,Blue,25,3,18293.0,0.0
0,56,M,2,Graduate,Single,$120K +,Blue,45,2,11714.0,0.077
0,53,M,2,Graduate,Single,$60K - $80K,Blue,47,6,13848.0,0.1
0,44,M,2,Graduate,Single,$40K - $60K,Blue,34,5,5331.0,0.374
0,36,M,4,High School,Single,$120K +,Blue,36,1,27929.0,0.068
0,53,M,4,Graduate,Married,$80K - $120K,Blue,36,3,3924.0,0.641
0,33,F,3,High School,Divorced,Less than $40K,Blue,26,5,3616.0,0.0
0,41,F,2,Graduate,Married,Less than $40K,Silver,33,4,12301.0,0.183
0,55,M,2,High School,Married,$120K +,Blue,50,3,17627.0,0.1
0,49,F,4,High School,Single,Less than $40K,Gold,34,4,15569.0,0.1
0,42,M,3,High School,Single,$80K - $120K,Blue,30,4,4147.0,0.415
0,42,F,2,College,Married,$40K - $60K,Blue,28,6,1820.0,0.0
0,61,M,0,Uneducated,Married,$120K +,Blue,36,4,24172.0,0.104
0,65,M,1,Graduate,Married,Less than $40K,Blue,50,6,4507.0,0.349
0,34,F,4,High School,Married,$40K - $60K,Blue,28,6,2432.0,0.35
1,51,F,1,High School,Married,Less than $40K,Blue,43,4,1665.0,0.914
1,47,F,3,College,Married,Less than $40K,Blue,35,6,1781.0,0.0
0,48,F,1,Doctorate,Married,Less than $40K,Blue,39,3,4844.0,0.325
0,53,M,3,College,Single,$120K +,Silver,44,4,34516.0,0.031
0,55,F,4,Graduate,Married,$40K - $60K,Blue,41,4,3156.0,0.798
0,42,M,5,Uneducated,Married,$80K - $120K,Blue,37,6,22913.0,0.067
0,37,F,2,High School,Single,Less than $40K,Blue,36,6,3586.0,0.394
0,56,F,2,High School,Married,$40K - $60K,Blue,41,5,2771.0,0.522
1,53,M,3,High School,Single,$80K - $120K,Silver,33,2,34516.0,0.0
0,39,M,1,College,Married,Less than $40K,Blue,27,4,2283.0,0.461
0,40,F,3,Uneducated,Divorced,Less than $40K,Blue,35,2,4772.0,0.42
1,54,F,2,Graduate,Married,$40K - $60K,Blue,44,3,1606.0,0.0
0,55,M,2,High School,Married,$80K - $120K,Blue,36,3,6514.0,0.347
0,57,M,0,Uneducated,Divorced,$80K - $120K,Blue,39,4,2795.0,0.655
0,63,F,1,Graduate,Married,Less than $40K,Blue,53,6,2675.0,0.941
1,50,M,2,Graduate,Single,$80K - $120K,Silver,40,3,34516.0,0.0
0,49,M,4,Graduate,Married,$60K - $80K,Blue,39,3,5937.0,0.357
0,37,M,0,High School,Divorced,$40K - $60K,Blue,36,3,3091.0,0.0
0,36,F,2,Graduate,Married,Less than $40K,Blue,24,3,3124.0,0.51
0,47,F,3,Graduate,Divorced,Less than $40K,Blue,38,5,3027.0,0.552
0,43,M,4,High School,Divorced,$80K - $120K,Blue,36,3,34516.0,0.03
0,51,M,0,Doctorate,Single,$120K +,Platinum,44,3,34516.0,0.056
0,48,F,2,Graduate,Married,Less than $40K,Blue,35,2,2216.0,0.569
0,35,F,3,Uneducated,Married,Less than $40K,Blue,25,4,2149.0,0.52
0,55,F,2,Post-Graduate,Divorced,Less than $40K,Blue,43,4,9919.0,0.0
0,34,F,2,College,Single,Less than $40K,Blue,20,5,2715.0,0.554
1,46,F,4,Graduate,Single,$40K - $60K,Blue,36,5,5913.0,0.279
0,40,M,2,Graduate,Single,$120K +,Blue,33,3,20891.0,0.058
0,63,F,2,Graduate,Married,$40K - $60K,Blue,53,4,3067.0,0.611
0,63,F,0,College,Married,$40K - $60K,Blue,53,6,3118.0,0.49
0,43,F,3,High School,Single,Less than $40K,Blue,36,3,1438.3,0.0
0,48,M,4,Graduate,Married,Less than $40K,Blue,36,4,2912.0,0.515
0,73,M,0,High School,Married,$40K - $60K,Blue,36,5,4469.0,0.252
0,40,F,4,Graduate,Married,Less than $40K,Blue,36,5,1577.0,0.815
1,60,M,1,High School,Single,Less than $40K,Blue,50,4,4613.0,0.0
0,46,M,3,Doctorate,Married,$60K - $80K,Blue,31,2,21161.0,0.057
1,55,F,3,Graduate,Single,Less than $40K,Blue,36,3,2060.0,0.0
0,47,M,4,High School,Married,$60K - $80K,Blue,34,5,4592.0,0.356
0,52,F,3,Graduate,Divorced,Less than $40K,Blue,41,3,6060.0,0.278
1,45,F,2,Graduate,Single,Less than $40K,Blue,33,1,1492.0,0.0
0,53,F,3,Graduate,Divorced,Less than $40K,Blue,40,3,2684.0,0.792
0,43,F,1,Graduate,Single,Less than $40K,Blue,38,3,2642.0,0.9
1,42,F,3,Graduate,Married,Less than $40K,Blue,36,4,2031.0,0.847
0,63,M,1,Graduate,Single,$60K - $80K,Blue,36,6,2466.0,0.0
0,44,M,4,Graduate,Single,$60K - $80K,Blue,28,2,2758.0,0.167
0,52,F,3,Uneducated,Divorced,Less than $40K,Blue,36,3,1986.0,0.71
0,44,M,3,Graduate,Married,$120K +,Blue,32,4,34516.0,0.039
0,41,F,3,High School,Married,$40K - $60K,Blue,36,4,9797.0,0.146
0,44,F,4,Uneducated,Single,$40K - $60K,Blue,34,1,3657.0,0.0
0,50,F,5,Uneducated,Single,Less than $40K,Blue,33,4,2837.0,0.485
0,45,M,3,Doctorate,Single,$80K - $120K,Blue,36,6,9086.0,0.138
0,40,F,3,Graduate,Single,Less than $40K,Blue,28,6,1709.0,0.0
0,56,F,3,Graduate,Married,Less than $40K,Blue,41,5,1438.3,0.0
0,48,F,3,High School,Married,Less than $40K,Blue,36,4,3716.0,0.0
0,56,F,2,Uneducated,Single,$40K - $60K,Blue,48,6,2941.0,0.55
0,59,M,0,Graduate,Single,$60K - $80K,Blue,46,2,17218.0,0.106
1,49,M,3,High School,Married,$60K - $80K,Blue,34,6,1511.0,0.0
0,41,F,2,Uneducated,Married,Less than $40K,Blue,36,3,1755.0,0.0
0,42,M,3,Uneducated,Married,$60K - $80K,Blue,25,6,13546.0,0.127
1,32,M,0,College,Single,$60K - $80K,Blue,24,3,4097.0,0.0
0,60,M,0,Post-Graduate,Married,$60K - $80K,Blue,49,5,3182.0,0.606
0,56,F,0,High School,Married,Less than $40K,Blue,48,3,1438.3,0.0
0,29,F,1,Uneducated,Married,Less than $40K,Blue,21,2,2832.0,0.642
0,37,M,2,Uneducated,Single,$60K - $80K,Blue,36,4,11419.0,0.22
0,46,M,3,Uneducated,Single,$120K +,Blue,36,5,26977.0,0.073
1,52,M,2,Graduate,Single,$80K - $120K,Blue,48,6,34516.0,0.0
0,48,M,3,Doctorate,Divorced,$120K +,Blue,36,4,34516.0,0.073
0,44,F,0,Graduate,Married,Less than $40K,Silver,36,5,10110.0,0.122
0,44,M,2,High School,Married,$80K - $120K,Blue,38,6,9183.0,0.239
0,38,F,2,College,Married,Less than $40K,Blue,33,1,3420.0,0.411
0,38,F,2,College,Single,Less than $40K,Blue,33,2,2569.0,0.501
0,57,M,2,Uneducated,Married,$80K - $120K,Blue,52,6,10974.0,0.0
0,42,M,2,Doctorate,Married,$80K - $120K,Blue,32,4,26222.0,0.041
1,49,M,5,Uneducated,Married,$40K - $60K,Blue,44,2,3893.0,0.0
0,51,F,1,Post-Graduate,Single,$40K - $60K,Blue,46,4,2275.0,0.536
0,52,F,1,Uneducated,Married,$40K - $60K,Blue,47,6,2151.0,0.622
0,55,F,3,College,Divorced,Less than $40K,Blue,46,2,3282.0,0.689
0,54,M,1,Graduate,Married,$40K - $60K,Blue,44,5,1438.3,0.0
0,46,F,3,High School,Married,$40K - $60K,Blue,36,3,3413.0,0.695
0,57,M,4,Post-Graduate,Married,$120K +,Blue,51,4,16952.0,0.0
0,38,F,2,Graduate,Single,Less than $40K,Blue,36,3,1461.0,0.0
0,40,F,4,College,Married,Less than $40K,Blue,36,6,1438.3,0.0
0,47,M,2,High School,Married,$60K - $80K,Blue,32,3,3842.0,0.407
0,33,M,3,Graduate,Married,$60K - $80K,Blue,36,5,1726.0,0.704
1,49,F,1,Graduate,Married,Less than $40K,Blue,43,5,1938.0,0.0
0,33,F,1,Graduate,Single,Less than $40K,Blue,36,3,6551.0,0.22
0,45,M,4,Graduate,Single,$120K +,Platinum,34,2,34516.0,0.043
0,52,M,2,Graduate,Married,$80K - $120K,Blue,36,4,2866.0,0.657
0,49,M,0,Doctorate,Married,$60K - $80K,Blue,39,5,19719.0,0.071
0,42,M,1,College,Married,$60K - $80K,Silver,29,5,26750.0,0.045
0,46,F,4,Graduate,Married,Less than $40K,Blue,42,4,3504.0,0.485
0,47,F,1,Uneducated,Single,$40K - $60K,Blue,34,5,2099.0,0.555
0,44,F,2,Graduate,Single,Less than $40K,Blue,31,1,4291.0,0.299
0,41,M,4,Post-Graduate,Married,$60K - $80K,Blue,32,5,18001.0,0.05
0,48,M,4,Graduate,Married,$80K - $120K,Blue,36,1,27984.0,0.064
0,52,M,2,High School,Married,$80K - $120K,Blue,47,1,11358.0,0.125
0,44,M,1,Uneducated,Married,$80K - $120K,Blue,29,4,13298.0,0.127
0,43,M,4,Uneducated,Single,$120K +,Blue,36,1,34516.0,0.05
0,46,M,3,College,Married,$120K +,Blue,40,6,1438.3,0.0
0,53,M,3,Uneducated,Married,$80K - $120K,Blue,43,3,16393.0,0.087
0,35,F,2,High School,Married,Less than $40K,Blue,21,5,2157.0,0.551
1,40,M,3,College,Single,$80K - $120K,Silver,33,1,34516.0,0.0
0,42,F,4,Graduate,Married,Less than $40K,Blue,36,6,1438.3,0.0
0,52,F,4,Graduate,Single,Less than $40K,Blue,46,3,3231.0,0.686
0,54,F,2,Graduate,Single,$40K - $60K,Blue,41,2,10753.0,0.172
1,33,M,2,Uneducated,Single,$40K - $60K,Blue,18,1,5600.0,0.449
0,40,F,4,High School,Married,Less than $40K,Blue,33,4,1762.0,0.695
0,58,F,1,College,Single,Less than $40K,Blue,46,1,1552.0,0.0
0,43,M,5,High School,Married,$120K +,Blue,37,4,11099.0,0.0
1,48,M,3,Graduate,Married,$60K - $80K,Blue,37,5,8808.0,0.044
0,54,F,0,Graduate,Married,Less than $40K,Blue,36,5,5399.0,0.319
0,43,F,1,Uneducated,Married,Less than $40K,Blue,32,6,2667.0,0.596
0,36,F,4,High School,Single,Less than $40K,Blue,28,5,2226.0,0.722
0,43,F,3,Uneducated,Married,Less than $40K,Blue,39,4,4175.0,0.603
0,28,M,0,Post-Graduate,Married,$40K - $60K,Blue,16,5,3665.0,0.0
0,53,F,3,Graduate,Married,$40K - $60K,Blue,44,3,2636.0,0.894
0,48,F,4,Graduate,Married,Less than $40K,Blue,36,4,2620.0,0.794
0,49,M,4,Graduate,Single,$80K - $120K,Blue,43,1,20701.0,0.122
0,49,F,0,Post-Graduate,Single,Less than $40K,Blue,43,1,2481.0,0.632
0,52,F,1,High School,Married,Less than $40K,Blue,35,1,1959.0,0.522
1,41,F,2,High School,Married,Less than $40K,Blue,36,3,2811.0,0.855
0,54,F,2,Uneducated,Single,Less than $40K,Blue,43,6,3006.0,0.211
0,39,M,2,Uneducated,Married,$60K - $80K,Blue,28,6,3257.0,0.773
1,56,F,3,Graduate,Married,Less than $40K,Blue,45,2,1438.3,0.0
0,42,M,2,Graduate,Married,$60K - $80K,Blue,36,2,6280.0,0.347
0,48,F,1,Uneducated,Divorced,Less than $40K,Blue,38,3,4668.0,0.0
0,46,M,4,College,Single,$60K - $80K,Blue,34,5,2369.0,0.593
0,48,M,5,Graduate,Married,$80K - $120K,Blue,42,6,12882.0,0.109
1,40,F,3,High School,Single,Less than $40K,Blue,35,6,5492.0,0.286
0,47,F,2,High School,Single,Less than $40K,Blue,35,4,2262.0,0.0
1,43,M,3,Uneducated,Single,$40K - $60K,Blue,36,3,9267.0,0.0
0,55,M,2,College,Single,$80K - $120K,Silver,45,3,34516.0,0.042
0,56,M,1,Uneducated,Married,$80K - $120K,Blue,40,6,17450.0,0.126
0,52,M,2,High School,Married,$120K +,Blue,36,5,2981.0,0.456
0,48,M,4,High School,Married,$60K - $80K,Blue,42,5,3879.0,0.313
0,49,F,4,Graduate,Married,Less than $40K,Blue,34,3,2560.0,0.559
0,58,F,1,Doctorate,Married,Less than $40K,Blue,48,4,1438.3,0.557
0,33,F,2,High School,Married,Less than $40K,Blue,27,3,7185.0,0.0
0,45,F,3,Graduate,Married,Less than $40K,Blue,35,1,1438.3,0.58
0,55,M,2,Graduate,Single,$80K - $120K,Silver,36,5,34516.0,0.038
0,41,M,3,Post-Graduate,Single,$80K - $120K,Blue,30,4,17890.0,0.141
0,44,F,1,Uneducated,Married,Less than $40K,Blue,36,3,1953.0,0.902
0,53,M,2,Graduate,Married,$80K - $120K,Blue,41,3,2492.0,0.669
0,41,M,1,Uneducated,Single,$80K - $120K,Blue,31,6,2404.0,0.785
0,41,M,5,High School,Married,$60K - $80K,Blue,33,5,22770.0,0.111
0,29,M,1,Graduate,Divorced,Less than $40K,Blue,36,4,3839.0,0.297
0,43,F,2,College,Single,Less than $40K,Blue,29,5,2304.0,0.69
1,49,F,1,Graduate,Married,Less than $40K,Silver,36,2,11059.0,0.0
0,50,F,0,Uneducated,Single,$40K - $60K,Blue,41,6,7507.0,0.226
0,55,M,2,Graduate,Married,$60K - $80K,Blue,50,5,2145.0,0.563
0,26,F,1,High School,Single,Less than $40K,Blue,13,3,2404.0,0.498
0,40,F,3,Graduate,Single,Less than $40K,Blue,31,4,2016.0,0.485
1,47,F,3,Graduate,Married,$40K - $60K,Blue,31,6,5496.0,0.0
0,63,M,1,High School,Married,$60K - $80K,Blue,56,3,7216.0,0.322
0,37,M,3,Post-Graduate,Single,$80K - $120K,Blue,31,6,2626.0,0.661
0,49,M,1,High School,Married,$60K - $80K,Gold,36,2,6224.0,0.354
0,54,F,2,College,Single,Less than $40K,Blue,36,1,2274.0,0.311
0,42,M,3,Post-Graduate,Married,$80K - $120K,Blue,30,6,13908.0,0.0
1,43,F,4,College,Married,Less than $40K,Blue,23,6,7706.0,0.051
0,46,M,4,Graduate,Divorced,$60K - $80K,Blue,41,4,5397.0,0.433
0,43,M,4,Uneducated,Single,$40K - $60K,Blue,39,5,6648.0,0.337
0,52,M,1,Graduate,Married,$80K - $120K,Blue,36,4,34516.0,0.016
0,54,M,0,Graduate,Single,$80K - $120K,Blue,42,3,22437.0,0.062
1,47,F,1,Graduate,Married,$40K - $60K,Blue,35,3,1438.3,0.0
1,61,F,0,Graduate,Divorced,Less than $40K,Blue,36,2,2125.0,0.0
0,49,M,4,High School,Married,$120K +,Gold,36,1,34516.0,0.047
0,42,F,1,Doctorate,Married,Less than $40K,Blue,27,5,1840.0,0.851
0,53,F,3,College,Married,$40K - $60K,Blue,46,2,2304.0,0.497
0,43,F,4,Graduate,Single,Less than $40K,Blue,37,5,2419.0,0.0
0,36,M,4,Uneducated,Married,$80K - $120K,Blue,25,4,5846.0,0.296
0,43,F,3,High School,Single,Less than $40K,Blue,36,5,2313.0,0.573
0,38,M,3,High School,Single,$80K - $120K,Blue,29,2,3413.0,0.528
0,45,F,4,Uneducated,Married,Less than $40K,Blue,37,3,3196.0,0.569
0,50,F,2,College,Divorced,Less than $40K,Blue,36,3,3462.0,0.525
0,42,F,4,Uneducated,Married,Less than $40K,Blue,23,4,2260.0,0.446
0,40,M,3,Graduate,Married,$60K - $80K,Blue,31,6,17126.0,0.07
0,45,M,3,College,Married,$40K - $60K,Blue,39,3,7109.0,0.122
0,48,M,2,Uneducated,Single,$40K - $60K,Silver,40,2,17812.0,0.0
0,53,F,2,Graduate,Married,$40K - $60K,Blue,42,3,3024.0,0.545
1,36,F,2,Post-Graduate,Married,Less than $40K,Blue,25,5,1691.0,0.0
1,40,M,3,Doctorate,Married,$40K - $60K,Blue,36,3,2313.0,0.0
0,62,F,0,High School,Married,Less than $40K,Blue,51,6,1438.3,0.0
0,56,M,3,Graduate,Married,$120K +,Blue,46,3,5270.0,0.148
0,29,M,0,Graduate,Married,Less than $40K,Blue,19,6,2827.0,0.506
0,43,F,0,Graduate,Married,Less than $40K,Blue,37,3,6380.0,0.182
1,44,F,4,Graduate,Married,Less than $40K,Blue,36,6,1905.0,0.0
1,60,F,2,High School,Single,Less than $40K,Blue,54,1,8141.0,0.222
1,37,F,1,High School,Single,$40K - $60K,Blue,27,4,1793.0,0.442
0,39,M,4,Uneducated,Married,$120K +,Blue,36,6,25790.0,0.07
1,32,M,0,Post-Graduate,Single,$40K - $60K,Blue,14,1,4015.0,0.0
1,40,M,4,Uneducated,Single,$80K - $120K,Blue,36,6,34516.0,0.017
0,64,F,0,Uneducated,Single,Less than $40K,Blue,36,3,1829.0,0.0
0,43,M,3,Graduate,Divorced,$80K - $120K,Blue,36,4,5506.0,0.387
0,32,F,1,College,Divorced,Less than $40K,Blue,36,3,1835.0,0.554
0,38,M,3,High School,Single,$60K - $80K,Silver,33,6,34516.0,0.052
0,46,M,3,Doctorate,Married,$80K - $120K,Blue,38,6,12935.0,0.11
1,43,F,3,Graduate,Married,$40K - $60K,Blue,32,4,2701.0,0.925
0,46,F,4,Uneducated,Married,$40K - $60K,Blue,34,6,2168.0,0.786
0,41,M,4,High School,Married,$60K - $80K,Blue,29,3,4573.0,0.0
0,53,M,2,College,Married,$40K - $60K,Blue,40,2,2672.0,0.6
0,46,M,3,High School,Married,$80K - $120K,Blue,40,4,19458.0,0.074
0,47,F,4,High School,Married,Less than $40K,Blue,36,1,3216.0,0.46
0,36,F,2,Graduate,Married,Less than $40K,Blue,30,1,5723.0,0.0
0,44,F,4,Graduate,Single,Less than $40K,Blue,34,5,4214.0,0.296
0,56,F,5,Graduate,Married,Less than $40K,Blue,36,5,3088.0,0.815
0,37,F,4,Graduate,Married,Less than $40K,Blue,28,4,1825.0,0.761
0,54,F,2,Uneducated,Single,Less than $40K,Blue,41,5,1438.3,0.566
0,53,F,1,College,Married,$40K - $60K,Blue,47,3,2459.0,0.705
0,65,M,1,Doctorate,Single,$40K - $60K,Blue,56,5,1456.0,0.595
0,49,F,2,High School,Married,Less than $40K,Blue,39,5,2992.0,0.617
0,35,M,3,College,Single,$60K - $80K,Blue,36,5,2780.0,0.0
0,27,M,1,High School,Single,$60K - $80K,Blue,18,5,2730.0,0.495
0,26,M,0,College,Single,$40K - $60K,Blue,36,5,2657.0,0.606
0,49,F,4,Graduate,Divorced,$40K - $60K,Blue,30,1,2485.0,0.663
0,55,F,0,Graduate,Single,$40K - $60K,Blue,35,5,3735.0,0.53
0,55,M,3,Graduate,Married,$80K - $120K,Blue,36,3,25878.0,0.067
0,48,F,3,Graduate,Single,$40K - $60K,Blue,42,1,9215.0,0.069
0,30,M,0,High School,Married,Less than $40K,Blue,21,5,2490.0,0.506
0,46,M,4,Graduate,Married,$60K - $80K,Blue,36,3,3258.0,0.0
0,52,F,2,High School,Single,Less than $40K,Blue,45,1,4209.0,0.0
0,47,M,4,Uneducated,Married,$60K - $80K,Blue,36,3,17557.0,0.0
0,34,F,2,High School,Single,Less than $40K,Blue,21,6,5015.0,0.333
0,39,F,1,High School,Single,$40K - $60K,Blue,20,3,9956.0,0.112
0,40,M,3,Graduate,Single,$40K - $60K,Blue,27,2,7680.0,0.207
0,50,F,2,Graduate,Single,Less than $40K,Blue,40,1,2167.0,0.456
1,43,M,2,Uneducated,Single,$60K - $80K,Blue,35,5,6348.0,0.0
0,43,M,4,High School,Married,$40K - $60K,Blue,36,5,13258.0,0.13
0,37,M,2,High School,Single,$40K - $60K,Blue,31,6,3216.0,0.0
0,48,M,3,High School,Married,$60K - $80K,Blue,39,4,5448.0,0.0
0,49,F,4,High School,Married,Less than $40K,Blue,43,5,2574.0,0.604
0,52,F,2,Graduate,Married,Less than $40K,Blue,37,1,2427.0,0.973
0,52,M,1,High School,Married,$120K +,Blue,36,5,31733.0,0.0
0,50,M,1,Graduate,Married,$60K - $80K,Silver,37,1,6224.0,0.125
0,43,F,3,Graduate,Married,$40K - $60K,Blue,36,6,2936.0,0.81
0,56,M,1,Uneducated,Single,$80K - $120K,Blue,45,3,17628.0,0.08
0,50,M,3,Uneducated,Married,$40K - $60K,Blue,40,5,3469.0,0.0
0,53,M,2,Post-Graduate,Single,$120K +,Blue,36,6,34516.0,0.027
0,34,F,3,College,Single,Less than $40K,Blue,36,3,7440.0,0.095
0,52,M,1,Graduate,Married,$80K - $120K,Blue,43,6,2689.0,0.772
0,42,F,4,Uneducated,Single,Less than $40K,Blue,32,3,1438.3,0.583
0,44,F,3,Graduate,Married,Less than $40K,Blue,27,3,1480.0,0.687
0,47,M,2,College,Married,$60K - $80K,Silver,35,2,34516.0,0.039
1,48,F,3,Post-Graduate,Married,Less than $40K,Silver,35,5,10357.0,0.0
0,47,F,2,Graduate,Single,Less than $40K,Blue,36,6,5145.0,0.0
0,34,M,5,Graduate,Married,$60K - $80K,Blue,27,5,2501.0,0.763
1,52,F,2,Graduate,Married,Less than $40K,Blue,36,5,2160.0,0.0
0,38,M,2,Graduate,Single,$40K - $60K,Blue,24,6,14632.0,0.079
0,49,M,5,Graduate,Single,$60K - $80K,Blue,42,2,7801.0,0.259
0,43,F,4,Uneducated,Married,$40K - $60K,Blue,31,4,1773.0,0.497
0,65,M,1,Graduate,Married,Less than $40K,Blue,56,3,3539.0,0.711
0,46,M,2,High School,Single,$40K - $60K,Blue,36,4,4129.0,0.0
0,26,F,0,Graduate,Single,$40K - $60K,Blue,36,5,3930.0,0.0
0,28,F,1,Graduate,Divorced,Less than $40K,Blue,23,4,2543.0,0.455
1,45,M,3,Uneducated,Divorced,$80K - $120K,Blue,25,2,6614.0,0.284
0,44,F,2,Graduate,Single,Less than $40K,Blue,26,6,2240.0,0.743
0,55,M,3,High School,Married,$60K - $80K,Blue,50,2,5282.0,0.217
0,47,F,1,High School,Married,Less than $40K,Blue,41,3,2709.0,0.751
0,45,F,3,Graduate,Single,Less than $40K,Blue,28,5,2035.0,0.577
0,52,F,2,College,Divorced,Less than $40K,Blue,45,4,1438.3,0.0
0,46,M,4,College,Single,$120K +,Blue,36,1,34516.0,0.017
1,54,F,2,Doctorate,Single,Less than $40K,Blue,42,3,1694.0,0.0
0,48,F,3,Graduate,Married,Less than $40K,Blue,40,2,5298.0,0.0
0,53,M,2,High School,Married,$120K +,Blue,39,3,13091.0,0.075
1,38,M,2,Graduate,Single,$120K +,Blue,36,5,34516.0,0.036
0,45,F,2,Post-Graduate,Married,Less than $40K,Blue,38,3,2911.0,0.505
0,44,F,3,College,Single,Less than $40K,Blue,30,6,4539.0,0.452
0,38,F,1,Post-Graduate,Single,Less than $40K,Blue,26,4,2652.0,0.941
0,44,F,3,Uneducated,Single,Less than $40K,Blue,38,4,1438.3,0.0
0,48,F,1,Graduate,Single,Less than $40K,Blue,35,5,1449.0,0.0
0,30,F,0,Graduate,Divorced,Less than $40K,Blue,17,4,4704.0,0.0
0,36,M,2,Graduate,Single,$80K - $120K,Silver,27,5,34516.0,0.045
0,29,F,0,Uneducated,Single,Less than $40K,Blue,23,5,7997.0,0.0
0,51,M,2,College,Single,$120K +,Blue,41,6,26714.0,0.094
0,47,M,5,Graduate,Married,$80K - $120K,Silver,36,3,34516.0,0.022
0,50,F,3,High School,Single,Less than $40K,Blue,36,4,1986.0,0.813
1,42,M,3,Graduate,Married,Less than $40K,Blue,38,2,6967.0,0.254
0,48,F,5,Graduate,Single,Less than $40K,Blue,38,5,1605.0,0.81
0,33,F,4,Graduate,Married,Less than $40K,Blue,16,5,1438.3,0.425
0,40,F,3,Graduate,Single,Less than $40K,Blue,33,3,2628.0,0.674
0,39,F,2,College,Married,$40K - $60K,Blue,31,3,2901.0,0.739
0,63,M,0,High School,Married,$80K - $120K,Blue,51,3,10257.0,0.1
0,59,F,0,Graduate,Single,$40K - $60K,Silver,45,6,21358.0,0.057
0,58,F,3,Post-Graduate,Single,Less than $40K,Blue,54,4,8886.0,0.0
0,55,F,0,Uneducated,Married,Less than $40K,Blue,51,4,2041.0,0.924
0,49,M,2,Post-Graduate,Married,$60K - $80K,Blue,38,3,8077.0,0.243
1,44,M,5,Doctorate,Single,$60K - $80K,Silver,36,2,34140.0,0.0
0,58,M,2,College,Married,$80K - $120K,Blue,44,3,11811.0,0.212
0,33,F,1,Uneducated,Married,Less than $40K,Blue,23,2,1830.0,0.971
0,31,M,1,High School,Married,$60K - $80K,Blue,24,2,4328.0,0.345
0,34,M,4,College,Single,$60K - $80K,Blue,20,5,2165.0,0.902
0,26,M,0,High School,Single,$40K - $60K,Blue,36,5,2212.0,0.755
0,38,F,2,High School,Single,Less than $40K,Blue,28,5,1744.0,0.0
0,46,F,3,Graduate,Single,Less than $40K,Blue,26,3,2171.0,0.653
0,50,F,0,Uneducated,Married,Less than $40K,Blue,42,3,3749.0,0.425
0,39,F,3,Graduate,Married,Less than $40K,Blue,27,3,1902.0,0.506
0,37,M,3,High School,Single,$80K - $120K,Blue,24,1,3437.0,0.31
0,46,F,3,Graduate,Single,Less than $40K,Blue,27,6,3901.0,0.257
0,48,F,4,Doctorate,Divorced,Less than $40K,Silver,38,2,10610.0,0.0
0,47,M,3,Uneducated,Single,$60K - $80K,Blue,35,2,14131.0,0.094
0,50,M,3,High School,Married,$120K +,Blue,40,5,34516.0,0.0
0,47,M,4,High School,Married,$40K - $60K,Blue,42,6,4785.0,0.285
1,46,F,3,High School,Married,$40K - $60K,Blue,34,2,8583.0,0.0
0,55,F,1,High School,Single,$40K - $60K,Blue,47,2,2343.0,0.76
0,56,F,1,Graduate,Married,Less than $40K,Blue,38,4,2578.0,0.955
0,65,F,0,High School,Married,$40K - $60K,Blue,46,6,5877.0,0.289
0,51,F,3,Uneducated,Married,Less than $40K,Blue,45,3,2238.0,0.581
0,49,M,5,Doctorate,Single,$40K - $60K,Blue,43,3,4951.0,0.404
0,49,F,3,College,Married,$40K - $60K,Blue,44,6,2578.0,0.617
0,50,M,1,College,Married,$80K - $120K,Blue,33,5,17158.0,0.071
0,52,M,2,Graduate,Married,$80K - $120K,Blue,42,5,21782.0,0.046
0,64,M,0,Graduate,Single,Less than $40K,Blue,36,5,1873.0,0.25
0,45,F,4,Graduate,Single,Less than $40K,Blue,36,6,3342.0,0.753
0,44,F,2,Uneducated,Married,Less than $40K,Blue,36,4,4396.0,0.339
0,53,M,2,Post-Graduate,Married,$80K - $120K,Blue,43,4,4039.0,0.346
0,51,M,0,Doctorate,Single,$60K - $80K,Blue,36,6,3232.0,0.416
0,32,F,2,Graduate,Single,Less than $40K,Blue,17,5,1438.3,0.854
0,38,F,1,High School,Married,Less than $40K,Blue,31,2,3416.0,0.737
0,49,M,1,Graduate,Married,$120K +,Blue,29,2,7650.0,0.267
0,42,M,3,High School,Single,$80K - $120K,Blue,29,3,6380.0,0.194
1,62,F,0,Graduate,Married,Less than $40K,Blue,49,2,1438.3,0.0
0,41,M,2,Uneducated,Married,$60K - $80K,Blue,13,4,2243.0,0.867
0,65,M,0,Graduate,Single,Less than $40K,Blue,56,3,3422.0,0.0
1,56,F,2,High School,Married,Less than $40K,Blue,46,4,9463.0,0.081
0,38,M,2,Post-Graduate,Single,$80K - $120K,Blue,22,4,15410.0,0.0
0,52,F,2,High School,Single,$40K - $60K,Blue,36,1,2540.0,0.43
0,41,F,4,Doctorate,Single,Less than $40K,Blue,36,4,2687.0,0.49
0,40,F,4,Graduate,Married,Less than $40K,Blue,24,3,8014.0,0.175
1,53,F,1,Graduate,Single,Less than $40K,Blue,36,3,4287.0,0.0
0,46,M,3,Uneducated,Married,$40K - $60K,Blue,36,4,4707.0,0.238
0,53,M,2,Uneducated,Single,$60K - $80K,Blue,40,5,19116.0,0.0
0,49,F,3,Post-Graduate,Married,$40K - $60K,Blue,36,6,5918.0,0.142
0,54,F,2,Uneducated,Married,$40K - $60K,Blue,43,5,1438.3,0.0
0,42,F,3,Graduate,Married,Less than $40K,Blue,33,6,8628.0,0.125
0,54,M,3,High School,Married,$120K +,Blue,42,6,20311.0,0.081
0,41,F,4,Post-Graduate,Single,Less than $40K,Blue,36,5,2968.0,0.631
1,46,F,3,High School,Married,Less than $40K,Blue,39,3,1801.0,0.175
0,38,M,1,Graduate,Married,$60K - $80K,Blue,31,6,2405.0,0.646
0,52,F,2,Post-Graduate,Single,Less than $40K,Blue,34,3,6265.0,0.268
0,39,F,4,Graduate,Single,$40K - $60K,Blue,25,2,3394.0,0.742
0,55,F,2,Graduate,Single,Less than $40K,Silver,47,3,13565.0,0.0
0,51,M,1,Doctorate,Married,$80K - $120K,Blue,44,5,8031.0,0.145
0,46,M,3,Graduate,Divorced,Less than $40K,Blue,36,5,4213.0,0.237
0,39,F,2,Doctorate,Divorced,Less than $40K,Blue,32,1,3554.0,0.21
0,41,F,2,High School,Single,$40K - $60K,Blue,36,4,1561.0,0.749
0,49,F,3,High School,Married,$40K - $60K,Blue,44,5,3881.0,0.0
0,47,F,2,Doctorate,Single,Less than $40K,Blue,37,4,2168.0,0.685
0,52,F,3,Uneducated,Married,Less than $40K,Blue,47,6,2516.0,0.591
1,46,M,1,Post-Graduate,Single,$60K - $80K,Blue,32,5,8766.0,0.0
0,53,F,1,Graduate,Married,$40K - $60K,Blue,36,6,2712.0,0.917
0,55,M,2,High School,Divorced,$120K +,Blue,42,3,34516.0,0.034
0,35,F,1,Uneducated,Married,Less than $40K,Blue,36,3,2004.0,0.0
0,36,F,2,Post-Graduate,Single,Less than $40K,Blue,24,5,3438.0,0.328
0,39,M,2,Uneducated,Single,$40K - $60K,Blue,19,4,6628.0,0.262
0,47,F,4,High School,Divorced,Less than $40K,Blue,36,5,2776.0,0.483
1,38,F,1,College,Single,Less than $40K,Blue,33,6,3119.0,0.807
0,46,F,2,Graduate,Single,Less than $40K,Blue,36,1,5785.0,0.368
0,48,M,4,Graduate,Married,$60K - $80K,Blue,36,2,2072.0,0.723
0,51,M,3,High School,Married,$60K - $80K,Blue,36,3,10305.0,0.067
0,51,M,1,High School,Single,$60K - $80K,Blue,36,6,2281.0,0.768
0,44,M,2,Uneducated,Divorced,$60K - $80K,Blue,38,2,16553.0,0.0
0,51,M,1,High School,Married,Less than $40K,Blue,41,3,1438.3,0.0
0,48,F,3,College,Single,Less than $40K,Blue,30,4,2865.0,0.532
0,45,F,2,High School,Single,Less than $40K,Platinum,36,1,15987.0,0.141
0,44,F,4,Graduate,Single,Less than $40K,Blue,36,6,7000.0,0.36
0,49,M,2,Uneducated,Married,$80K - $120K,Blue,44,6,13884.0,0.087
0,47,F,2,Graduate,Single,Less than $40K,Blue,36,3,2677.0,0.519
0,46,M,3,Uneducated,Married,$60K - $80K,Gold,33,3,34516.0,0.021
0,53,F,1,High School,Married,Less than $40K,Blue,48,6,2324.0,0.678
0,41,M,4,College,Married,$80K - $120K,Blue,22,1,5037.0,0.332
0,34,F,3,Uneducated,Single,Less than $40K,Blue,36,4,1438.3,0.0
0,56,F,2,Graduate,Divorced,Less than $40K,Blue,45,4,1960.0,0.862
0,59,M,0,Uneducated,Single,$40K - $60K,Blue,46,3,1648.0,0.605
0,35,M,0,College,Single,$80K - $120K,Silver,16,6,34516.0,0.0
0,56,F,2,High School,Married,Less than $40K,Blue,47,4,2238.0,0.592
0,56,F,2,High School,Married,$40K - $60K,Blue,49,1,6380.0,0.395
0,49,F,5,High School,Married,$40K - $60K,Blue,33,6,2506.0,0.618
0,38,F,2,Uneducated,Single,$40K - $60K,Blue,31,5,12228.0,0.175
0,52,F,2,High School,Divorced,Less than $40K,Blue,40,1,5240.0,0.48
1,39,M,4,Post-Graduate,Married,$120K +,Blue,29,6,8700.0,0.2
0,40,F,4,Uneducated,Married,Less than $40K,Blue,36,4,5056.0,0.211
0,45,F,4,Graduate,Single,$40K - $60K,Blue,34,3,2700.0,0.732
0,31,M,0,High School,Married,$60K - $80K,Silver,24,1,32535.0,0.053
1,38,F,2,High School,Single,Less than $40K,Blue,33,3,1568.0,0.0
0,45,F,2,Uneducated,Single,Less than $40K,Blue,38,3,7486.0,0.235
0,41,M,3,Uneducated,Married,$60K - $80K,Blue,30,3,1950.0,0.83
0,43,M,2,Post-Graduate,Married,$120K +,Blue,36,3,10700.0,0.126
0,44,M,2,Graduate,Married,$80K - $120K,Blue,36,2,19141.0,0.101
0,46,F,2,Post-Graduate,Married,Less than $40K,Blue,28,5,5014.0,0.381
0,45,F,4,College,Divorced,Less than $40K,Blue,39,5,4948.0,0.334
0,51,M,3,Graduate,Married,$80K - $120K,Blue,46,6,3458.0,0.575
1,59,F,2,High School,Married,$40K - $60K,Blue,36,3,4375.0,0.0
0,52,M,3,College,Married,$60K - $80K,Blue,42,5,4565.0,0.276
0,49,M,2,Uneducated,Married,$60K - $80K,Blue,42,3,3783.0,0.0
0,48,M,2,Graduate,Single,$80K - $120K,Blue,36,6,11656.0,0.144
0,44,M,4,College,Married,$60K - $80K,Blue,28,4,2748.0,0.32
0,53,M,3,High School,Single,$60K - $80K,Blue,47,2,6228.0,0.279
1,45,M,5,High School,Divorced,$120K +,Blue,36,2,5287.0,0.0
0,40,M,4,Uneducated,Single,$80K - $120K,Blue,36,4,32431.0,0.026
0,57,M,4,Graduate,Married,$80K - $120K,Blue,49,4,3038.0,0.464
0,36,F,2,Uneducated,Single,$40K - $60K,Blue,26,3,3131.0,0.76
0,53,F,0,Graduate,Single,Less than $40K,Blue,48,4,5972.0,0.316
0,58,M,1,High School,Married,$80K - $120K,Blue,50,1,34516.0,0.039
0,50,M,1,Graduate,Married,$60K - $80K,Blue,37,2,20708.0,0.066
1,41,F,2,Graduate,Married,$40K - $60K,Blue,36,5,2990.0,0.611
0,57,F,2,Graduate,Married,Less than $40K,Blue,48,5,2436.0,0.279
0,46,M,3,College,Married,$60K - $80K,Blue,36,5,9981.0,0.081
0,51,F,1,High School,Married,Less than $40K,Blue,38,1,5189.0,0.226
0,47,F,1,Uneducated,Single,Less than $40K,Blue,36,5,1438.3,0.511
0,39,M,3,Graduate,Single,$80K - $120K,Blue,30,5,10009.0,0.16
0,60,M,1,High School,Married,Less than $40K,Blue,55,5,2661.0,0.551
0,44,M,3,College,Married,$60K - $80K,Gold,34,3,34516.0,0.045
0,55,M,2,Uneducated,Single,$60K - $80K,Blue,48,6,7667.0,0.156
1,55,F,2,Graduate,Single,Less than $40K,Blue,49,2,1583.0,0.148
0,53,F,3,Uneducated,Married,Less than $40K,Blue,48,6,3428.0,0.457
0,41,M,2,Uneducated,Married,$80K - $120K,Gold,33,5,34516.0,0.048
0,44,F,5,College,Married,Less than $40K,Blue,34,4,2096.0,0.816
0,58,M,2,High School,Single,$60K - $80K,Silver,49,4,30186.0,0.0
1,49,M,2,Uneducated,Married,$80K - $120K,Blue,43,1,5701.0,0.442
0,41,F,3,High School,Married,Less than $40K,Blue,30,4,3280.0,0.709
0,60,F,0,Doctorate,Married,Less than $40K,Blue,45,5,1438.3,0.451
1,26,M,0,High School,Single,$40K - $60K,Blue,15,3,3324.0,0.0
1,50,M,3,High School,Married,$80K - $120K,Silver,36,5,34516.0,0.066
0,52,M,3,Graduate,Single,$80K - $120K,Blue,42,6,2731.0,0.62
0,49,F,1,High School,Married,Less than $40K,Blue,39,5,1909.0,0.454
0,54,M,3,Uneducated,Married,Less than $40K,Blue,36,3,1556.0,0.821
0,46,M,4,High School,Single,$40K - $60K,Blue,36,5,1438.3,0.552
0,42,F,3,Graduate,Single,$40K - $60K,Silver,26,6,15104.0,0.08
0,42,F,3,Graduate,Single,Less than $40K,Blue,35,5,5596.0,0.194
0,50,F,3,Doctorate,Single,$40K - $60K,Blue,42,4,3743.0,0.235
0,42,F,5,Graduate,Single,Less than $40K,Blue,36,4,8464.0,0.118
0,48,F,3,Uneducated,Single,$40K - $60K,Blue,39,6,4207.0,0.0
0,38,F,3,Graduate,Single,Less than $40K,Blue,22,4,1938.0,0.606
0,50,M,1,Graduate,Married,$80K - $120K,Blue,42,3,4051.0,0.292
0,62,M,1,Uneducated,Married,$60K - $80K,Blue,36,6,9521.0,0.175
1,36,M,2,Graduate,Married,$40K - $60K,Blue,18,3,7758.0,0.181
1,42,F,3,Graduate,Single,$40K - $60K,Blue,36,6,1451.0,0.413
0,44,F,5,High School,Single,Less than $40K,Blue,30,3,2709.0,0.637
0,55,F,0,Graduate,Single,Less than $40K,Blue,36,6,2695.0,0.0
0,47,F,3,High School,Married,Less than $40K,Blue,34,2,6028.0,0.133
1,36,F,1,Graduate,Married,Less than $40K,Blue,29,4,1493.0,0.0
0,50,F,2,High School,Married,Less than $40K,Blue,36,6,1438.3,0.0
0,49,F,1,Doctorate,Single,Less than $40K,Blue,40,1,2960.0,0.0
0,36,M,4,Post-Graduate,Married,Less than $40K,Blue,26,5,2222.0,0.581
1,55,M,1,College,Single,$80K - $120K,Blue,43,2,24884.0,0.0
0,51,M,3,High School,Married,$80K - $120K,Blue,41,1,9959.0,0.208
0,49,M,0,Uneducated,Married,$60K - $80K,Blue,38,1,3599.0,0.0
0,47,F,3,Graduate,Single,Less than $40K,Blue,36,5,2049.0,0.713
0,38,M,2,High School,Married,$60K - $80K,Blue,33,6,5940.0,0.185
0,47,F,4,Graduate,Single,Less than $40K,Blue,37,4,1438.3,0.542
0,44,F,2,High School,Married,$40K - $60K,Blue,32,2,7244.0,0.28
0,47,F,5,Graduate,Single,Less than $40K,Blue,42,4,2224.0,0.497
1,51,M,2,High School,Married,$80K - $120K,Blue,41,5,14902.0,0.0
0,46,F,1,Graduate,Married,$40K - $60K,Blue,26,6,2933.0,0.535
1,36,F,2,High School,Married,$40K - $60K,Blue,36,4,1848.0,0.0
0,42,M,3,High School,Single,$60K - $80K,Blue,37,3,5951.0,0.0
0,44,M,3,Graduate,Married,$60K - $80K,Blue,24,1,15043.0,0.0
0,36,F,2,High School,Single,Less than $40K,Blue,36,6,8087.0,0.156
0,44,M,4,Doctorate,Married,$80K - $120K,Blue,27,1,24134.0,0.053
1,42,F,4,Uneducated,Married,Less than $40K,Blue,23,3,3214.0,0.0
0,54,F,1,High School,Married,Less than $40K,Blue,43,6,2306.0,0.954
0,60,F,0,Graduate,Married,Less than $40K,Blue,51,6,2230.0,0.805
0,52,M,0,Graduate,Single,$120K +,Blue,41,6,3386.0,0.53
0,62,M,0,Uneducated,Single,$60K - $80K,Blue,50,5,14314.0,0.046
0,50,F,3,Uneducated,Married,Less than $40K,Blue,34,2,4060.0,0.575
0,55,F,2,College,Single,Less than $40K,Blue,36,4,3123.0,0.0
0,45,M,4,Graduate,Married,Less than $40K,Blue,36,1,7231.0,0.145
0,53,M,3,College,Single,$60K - $80K,Blue,36,5,19940.0,0.101
0,50,F,2,High School,Married,Less than $40K,Blue,21,6,2965.0,0.613
0,46,M,2,Graduate,Married,Less than $40K,Blue,39,3,4752.0,0.295
0,55,F,2,High School,Married,$40K - $60K,Blue,42,2,5431.0,0.37
0,65,F,0,Graduate,Married,$40K - $60K,Blue,56,4,2692.0,0.694
0,48,M,3,Uneducated,Married,$60K - $80K,Blue,36,1,15524.0,0.074
1,58,M,2,Uneducated,Single,$80K - $120K,Blue,46,1,10286.0,0.0
0,38,F,2,Uneducated,Single,Less than $40K,Blue,29,3,3590.0,0.536
0,40,F,3,Graduate,Single,Less than $40K,Blue,34,4,6728.0,0.177
0,50,M,1,Graduate,Single,$80K - $120K,Blue,44,3,3370.0,0.336
0,52,M,2,Post-Graduate,Single,$80K - $120K,Blue,40,6,8695.0,0.162
0,52,M,4,High School,Married,$80K - $120K,Blue,42,6,5738.0,0.194
0,42,M,3,Uneducated,Married,$40K - $60K,Blue,37,2,4960.0,0.348
0,42,F,3,High School,Married,Less than $40K,Blue,36,4,1676.0,0.819
0,54,F,4,College,Single,Less than $40K,Blue,46,3,4166.0,0.237
0,36,M,2,High School,Married,$80K - $120K,Blue,30,6,16050.0,0.092
0,41,F,3,Uneducated,Divorced,Less than $40K,Blue,30,5,7764.0,0.08
1,32,M,1,High School,Single,$40K - $60K,Blue,36,6,4819.0,0.443
0,38,F,2,Uneducated,Married,Less than $40K,Blue,36,2,7825.0,0.0
0,47,M,1,Graduate,Married,$120K +,Blue,41,5,9036.0,0.12
0,45,F,1,Graduate,Single,$40K - $60K,Blue,36,5,1936.0,0.833
0,42,F,5,College,Single,Less than $40K,Blue,28,4,3044.0,0.613
0,26,F,0,Graduate,Single,$40K - $60K,Blue,17,5,3119.0,0.426
0,51,M,1,High School,Single,$80K - $120K,Blue,45,6,13287.0,0.14
0,60,F,1,Post-Graduate,Single,$40K - $60K,Blue,50,4,4606.0,0.0
0,40,M,4,Graduate,Married,Less than $40K,Blue,34,3,2577.0,0.703
0,62,F,0,High School,Married,$40K - $60K,Blue,52,5,2052.0,0.609
0,41,F,2,High School,Married,$40K - $60K,Blue,26,5,1438.3,0.0
0,34,F,3,Graduate,Married,$40K - $60K,Blue,25,6,2275.0,0.645
0,50,M,1,Uneducated,Married,$120K +,Blue,44,5,3104.0,0.577
0,51,M,0,Uneducated,Divorced,$120K +,Blue,41,4,23898.0,0.0
0,53,F,3,Doctorate,Married,Less than $40K,Blue,33,6,2255.0,0.73
0,52,F,3,Graduate,Single,Less than $40K,Blue,44,4,3416.0,0.598
0,49,F,2,College,Married,Less than $40K,Blue,41,3,2115.0,0.756
0,40,M,4,Uneducated,Single,$120K +,Blue,34,3,17818.0,0.081
0,60,F,2,College,Single,Less than $40K,Blue,54,5,2694.0,0.714
0,50,M,3,Graduate,Single,$120K +,Blue,42,3,33996.0,0.028
0,45,M,2,Uneducated,Married,$40K - $60K,Blue,34,3,5771.0,0.39
0,42,M,3,Uneducated,Single,$40K - $60K,Blue,36,3,9599.0,0.162
0,34,F,1,Graduate,Single,Less than $40K,Gold,28,4,15987.0,0.0
0,38,M,4,Graduate,Married,$40K - $60K,Blue,27,6,5535.0,0.231
0,53,F,0,High School,Single,Less than $40K,Blue,44,4,1904.0,0.465
0,41,M,3,Uneducated,Single,$80K - $120K,Blue,28,1,7142.0,0.268
0,53,M,3,Graduate,Married,$40K - $60K,Blue,43,6,7451.0,0.092
0,35,M,2,Post-Graduate,Single,$60K - $80K,Blue,24,2,3388.0,0.49
0,42,M,3,Post-Graduate,Married,$40K - $60K,Blue,29,3,2533.0,0.445
0,51,M,3,Graduate,Married,$60K - $80K,Blue,32,3,7133.0,0.0
0,55,M,0,Doctorate,Married,$60K - $80K,Blue,36,4,4980.0,0.182
0,36,M,1,Uneducated,Married,$40K - $60K,Blue,16,5,3735.0,0.543
0,53,M,2,Uneducated,Divorced,$120K +,Blue,42,4,22664.0,0.0
0,43,M,3,Graduate,Married,$80K - $120K,Blue,34,3,10540.0,0.141
0,54,F,2,Graduate,Married,$40K - $60K,Blue,36,5,1854.0,0.824
0,48,F,2,Graduate,Married,$40K - $60K,Silver,41,6,16002.0,0.13
0,57,M,2,High School,Single,$60K - $80K,Blue,36,2,6024.0,0.254
0,38,M,3,High School,Married,$60K - $80K,Blue,26,5,5824.0,0.265
0,55,F,2,Post-Graduate,Married,Less than $40K,Blue,45,3,2163.0,0.0
0,30,M,0,High School,Married,$120K +,Blue,13,3,9007.0,0.218
0,54,F,2,Graduate,Single,Less than $40K,Blue,36,3,2043.0,0.782
0,36,M,4,College,Single,$120K +,Blue,36,5,28200.0,0.027
0,43,M,2,Uneducated,Single,$60K - $80K,Silver,37,4,27781.0,0.0
0,48,F,3,High School,Single,Less than $40K,Blue,40,1,3520.0,0.611
0,62,F,0,Doctorate,Married,$40K - $60K,Blue,51,3,3377.0,0.281
0,43,M,3,Graduate,Married,$80K - $120K,Blue,33,3,28170.0,0.066
0,39,F,4,High School,Married,Less than $40K,Blue,36,2,3600.0,0.576
0,65,F,0,College,Married,Less than $40K,Blue,56,6,1438.3,0.473
0,48,M,3,High School,Single,$40K - $60K,Blue,36,3,7400.0,0.086
0,53,M,3,College,Married,$80K - $120K,Blue,40,4,6052.0,0.284
1,44,M,1,College,Divorced,$80K - $120K,Silver,39,2,34516.0,0.068
0,45,F,4,Post-Graduate,Single,$40K - $60K,Blue,36,1,4688.0,0.0
1,43,F,2,College,Married,Less than $40K,Blue,36,5,4020.0,0.0
1,45,M,3,Uneducated,Married,$40K - $60K,Blue,28,2,4572.0,0.0
0,44,M,3,College,Single,$60K - $80K,Silver,32,4,28397.0,0.05
0,46,F,3,High School,Married,Less than $40K,Blue,38,4,1781.0,0.738
0,46,M,2,High School,Married,$40K - $60K,Blue,40,3,3981.0,0.0
0,52,F,1,Graduate,Single,$40K - $60K,Blue,40,2,4705.0,0.189
0,30,F,1,Graduate,Married,Less than $40K,Blue,36,3,7087.0,0.15
0,48,M,3,College,Married,$40K - $60K,Blue,34,2,1913.0,0.734
0,44,M,3,Graduate,Married,$60K - $80K,Blue,32,2,20001.0,0.0
0,52,M,3,Graduate,Divorced,$120K +,Silver,42,6,34516.0,0.036
0,56,M,1,Uneducated,Married,$80K - $120K,Blue,36,6,9031.0,0.17
0,39,F,2,Graduate,Single,Less than $40K,Silver,29,3,10024.0,0.091
1,41,F,4,High School,Single,Less than $40K,Blue,36,6,4203.0,0.599
0,55,F,1,High School,Single,$40K - $60K,Blue,46,5,5379.0,0.179
0,51,M,4,College,Married,$40K - $60K,Blue,36,2,4436.0,0.501
0,62,M,1,Graduate,Married,$80K - $120K,Blue,49,3,2437.0,0.574
0,57,M,2,High School,Married,$60K - $80K,Blue,38,3,2736.0,0.666
0,46,F,2,High School,Single,Less than $40K,Blue,36,3,2283.0,0.447
1,43,M,4,Post-Graduate,Single,$40K - $60K,Blue,25,1,9043.0,0.218
0,44,F,4,Graduate,Single,Less than $40K,Blue,33,3,4606.0,0.338
1,41,F,3,Post-Graduate,Single,Less than $40K,Blue,36,1,2067.0,0.951
0,42,M,5,Uneducated,Married,$40K - $60K,Blue,34,5,14281.0,0.106
0,39,M,2,High School,Single,Less than $40K,Blue,32,4,4423.0,0.371
1,47,F,2,Graduate,Married,Less than $40K,Blue,36,6,1693.0,0.643
0,44,M,3,College,Married,$40K - $60K,Blue,36,3,6111.0,0.412
0,46,F,3,High School,Single,Less than $40K,Blue,36,2,6218.0,0.405
0,55,F,4,Uneducated,Single,Less than $40K,Blue,46,3,4978.0,0.185
0,45,M,4,College,Single,$60K - $80K,Blue,35,2,13445.0,0.088
0,59,M,1,College,Single,$40K - $60K,Blue,48,6,7251.0,0.221
0,60,F,0,High School,Single,$40K - $60K,Blue,56,3,2213.0,0.375
1,41,F,5,Graduate,Married,Less than $40K,Blue,28,6,6936.0,0.0
0,39,F,2,Uneducated,Married,Less than $40K,Blue,26,5,3471.0,0.725
1,61,F,0,High School,Single,Less than $40K,Blue,36,4,1760.0,0.0
0,53,F,2,Graduate,Married,$40K - $60K,Blue,45,2,4621.0,0.198
0,46,F,4,High School,Married,Less than $40K,Blue,41,6,1438.3,0.0
0,47,M,2,College,Married,$40K - $60K,Blue,37,6,3263.0,0.467
0,35,F,2,Graduate,Married,Less than $40K,Blue,28,6,4014.0,0.565
0,38,M,2,College,Married,$40K - $60K,Blue,25,4,3735.0,0.321
0,39,M,4,College,Single,$80K - $120K,Blue,31,4,32210.0,0.035
0,51,M,2,College,Married,$120K +,Blue,41,6,23742.0,0.0
0,34,M,3,Uneducated,Divorced,$120K +,Blue,28,4,9180.0,0.198
0,56,F,3,Graduate,Single,$40K - $60K,Blue,36,4,5108.0,0.324
1,47,F,4,Graduate,Single,Less than $40K,Blue,39,3,1438.3,0.0
0,59,F,1,Doctorate,Married,Less than $40K,Blue,40,3,2687.0,0.913
0,39,M,1,Graduate,Married,$120K +,Blue,25,6,5764.0,0.265
0,49,M,3,High School,Single,$120K +,Blue,45,3,14699.0,0.071
0,44,F,4,College,Married,$40K - $60K,Blue,27,1,3183.0,0.791
0,46,M,2,Post-Graduate,Single,$60K - $80K,Blue,41,3,10077.0,0.0
0,46,F,4,College,Married,Less than $40K,Blue,38,3,8881.0,0.21
0,51,M,3,Graduate,Married,$60K - $80K,Blue,43,6,2157.0,0.693
0,55,M,1,Uneducated,Single,$40K - $60K,Blue,49,6,1443.0,0.953
0,46,M,2,Graduate,Married,$60K - $80K,Blue,36,3,15405.0,0.11
0,56,M,1,Graduate,Single,$80K - $120K,Silver,49,5,34516.0,0.032
0,50,F,0,High School,Married,$40K - $60K,Blue,43,2,4154.0,0.255
0,43,F,3,Graduate,Married,$40K - $60K,Blue,28,5,11155.0,0.142
0,36,F,2,Post-Graduate,Divorced,Less than $40K,Blue,25,5,8917.0,0.122
0,52,F,2,High School,Single,$40K - $60K,Blue,39,2,12214.0,0.195
0,59,F,1,Graduate,Single,$40K - $60K,Blue,36,1,3510.0,0.268
0,48,M,3,College,Married,Less than $40K,Blue,36,3,8795.0,0.15
0,45,M,3,Graduate,Married,$60K - $80K,Blue,41,6,9106.0,0.272
0,42,F,2,High School,Married,Less than $40K,Blue,31,3,3964.0,0.307
0,54,F,3,Uneducated,Single,Less than $40K,Blue,47,3,7477.0,0.262
0,58,F,2,Uneducated,Divorced,Less than $40K,Silver,46,6,11684.0,0.056
1,38,F,3,High School,Single,Less than $40K,Blue,26,2,2920.0,0.831
0,52,M,1,High School,Single,$80K - $120K,Blue,41,4,4103.0,0.481
0,44,F,2,High School,Single,Less than $40K,Blue,31,3,4182.0,0.485
0,54,F,2,College,Single,$40K - $60K,Blue,49,4,8769.0,0.15
0,50,M,3,Post-Graduate,Single,$120K +,Blue,31,4,3234.0,0.459
0,49,F,4,Graduate,Married,Less than $40K,Blue,36,1,6615.0,0.0
0,50,F,2,High School,Married,$40K - $60K,Blue,45,6,1438.3,0.0
0,57,M,1,High School,Married,$80K - $120K,Blue,36,3,6543.0,0.345
0,56,F,1,Graduate,Single,Less than $40K,Blue,50,4,3688.0,0.164
0,39,F,1,Uneducated,Single,Less than $40K,Blue,35,1,1961.0,0.0
0,41,M,4,Uneducated,Single,$40K - $60K,Blue,36,4,3636.0,0.518
0,48,M,3,Post-Graduate,Divorced,$60K - $80K,Blue,36,3,2648.0,0.0
0,47,M,0,Graduate,Married,$80K - $120K,Silver,36,3,34516.0,0.055
0,39,M,4,Graduate,Married,Less than $40K,Blue,32,4,2973.0,0.794
0,51,M,3,College,Married,$120K +,Blue,40,3,34516.0,0.043
0,47,M,3,Uneducated,Single,$60K - $80K,Blue,36,3,17656.0,0.0
0,45,F,4,Uneducated,Married,Less than $40K,Blue,32,1,3335.0,0.671
0,42,M,1,High School,Married,$40K - $60K,Blue,32,4,2807.0,0.657
0,49,F,3,Graduate,Single,Less than $40K,Blue,36,2,2802.0,0.843
0,42,F,4,High School,Married,Less than $40K,Blue,31,5,1640.0,0.541
1,30,M,1,Post-Graduate,Divorced,Less than $40K,Blue,36,6,5061.0,0.0
0,33,F,1,High School,Single,Less than $40K,Silver,24,5,12956.0,0.0
0,37,M,2,Uneducated,Divorced,$80K - $120K,Blue,36,3,2281.0,0.735
0,54,M,1,High School,Single,$60K - $80K,Blue,34,5,13940.0,0.151
0,44,F,2,Uneducated,Married,$40K - $60K,Blue,35,3,1438.3,0.759
0,49,F,4,Graduate,Married,Less than $40K,Blue,43,2,3002.0,0.482
0,44,F,4,Uneducated,Married,Less than $40K,Blue,26,4,4726.0,0.328
0,62,M,0,Graduate,Single,$80K - $120K,Blue,56,4,1438.3,0.0
0,53,F,2,Graduate,Married,$40K - $60K,Blue,38,3,1989.0,0.504
0,50,M,2,College,Married,$60K - $80K,Blue,37,4,4743.0,0.356
0,32,F,1,High School,Single,Less than $40K,Silver,13,4,10332.0,0.092
0,55,M,2,Uneducated,Married,$120K +,Blue,44,3,27745.0,0.047
0,64,M,0,Graduate,Single,Less than $40K,Blue,36,3,3196.0,0.0
0,55,F,2,Graduate,Married,Less than $40K,Blue,36,4,1438.3,0.514
0,52,M,2,Graduate,Single,$40K - $60K,Blue,41,1,9298.0,0.204
1,54,M,2,Uneducated,Single,$40K - $60K,Blue,50,2,3682.0,0.684
0,32,M,2,High School,Single,$40K - $60K,Blue,20,6,2235.0,0.733
1,56,M,1,Uneducated,Single,$60K - $80K,Blue,36,6,15219.0,0.15
0,52,M,2,Uneducated,Divorced,$40K - $60K,Blue,46,5,1438.3,0.0
0,48,F,4,Uneducated,Single,Less than $40K,Blue,37,6,2646.0,0.33
0,44,M,3,Graduate,Single,$40K - $60K,Blue,33,3,2477.0,0.857
0,44,M,2,Graduate,Married,$80K - $120K,Blue,35,3,11910.0,0.176
0,35,M,3,College,Married,$60K - $80K,Blue,17,3,2259.0,0.786
0,45,M,3,Graduate,Single,$60K - $80K,Blue,38,1,3243.0,0.487
0,47,M,1,High School,Married,$60K - $80K,Blue,36,4,20789.0,0.0
1,43,M,3,College,Divorced,$80K - $120K,Blue,32,6,7278.0,0.0
0,44,M,2,College,Married,$80K - $120K,Blue,37,5,8241.0,0.0
0,38,F,2,Uneducated,Married,Less than $40K,Blue,28,1,3629.0,0.521
0,61,F,1,Doctorate,Married,$40K - $60K,Blue,47,4,8633.0,0.292
0,47,F,0,College,Married,Less than $40K,Blue,27,3,1776.0,0.389
0,49,M,4,Doctorate,Single,$60K - $80K,Silver,37,5,30976.0,0.066
0,49,M,3,Uneducated,Single,$60K - $80K,Blue,32,3,18584.0,0.135
0,55,M,1,Graduate,Married,$60K - $80K,Blue,44,6,2173.0,0.699
1,61,M,0,College,Single,$80K - $120K,Blue,50,2,21398.0,0.0
0,49,M,1,Graduate,Married,$120K +,Blue,39,3,34516.0,0.0
0,42,M,3,Graduate,Single,$60K - $80K,Blue,31,3,2934.0,0.858
0,38,F,2,Doctorate,Single,Less than $40K,Blue,31,6,1555.0,0.634
0,59,F,0,Post-Graduate,Single,Less than $40K,Blue,48,4,3030.0,0.413
0,44,F,3,High School,Single,Less than $40K,Blue,37,3,8512.0,0.173
0,47,M,3,College,Married,Less than $40K,Blue,34,2,8390.0,0.0
0,58,M,3,Graduate,Married,$120K +,Blue,52,5,17934.0,0.088
1,30,F,1,Graduate,Married,Less than $40K,Blue,36,2,2905.0,0.866
1,45,F,2,College,Divorced,$40K - $60K,Blue,39,4,3076.0,0.0
0,53,F,2,High School,Single,Less than $40K,Blue,36,4,2973.0,0.847
0,64,M,1,Graduate,Single,Less than $40K,Blue,45,5,4417.0,0.0
0,43,M,2,Graduate,Married,$120K +,Silver,31,6,34516.0,0.069
0,37,M,2,College,Married,$80K - $120K,Blue,17,5,4631.0,0.43
0,53,F,3,Graduate,Divorced,Less than $40K,Blue,42,3,1529.0,0.368
0,52,M,3,High School,Single,$80K - $120K,Blue,41,6,4642.0,0.52
0,47,M,3,Doctorate,Divorced,$40K - $60K,Blue,36,4,4786.0,0.317
0,45,F,3,High School,Married,Less than $40K,Blue,40,5,1603.0,0.0
0,44,M,4,Uneducated,Married,$80K - $120K,Silver,25,3,34516.0,0.057
0,51,F,2,College,Single,Less than $40K,Blue,31,2,2306.0,0.706
0,47,F,4,High School,Married,Less than $40K,Blue,29,6,2712.0,0.889
0,38,F,3,Uneducated,Single,Less than $40K,Blue,33,5,2206.0,0.915
0,53,F,4,Graduate,Married,Less than $40K,Blue,46,6,4430.0,0.356
0,33,M,3,High School,Married,$120K +,Blue,20,6,27499.0,0.043
0,40,M,3,College,Divorced,$80K - $120K,Silver,34,2,34516.0,0.059
0,38,M,2,High School,Single,$60K - $80K,Silver,36,5,31546.0,0.065
1,36,F,3,High School,Married,Less than $40K,Blue,36,3,2977.0,0.45
0,55,F,2,Graduate,Single,Less than $40K,Blue,43,1,1745.0,0.669
0,52,F,2,Graduate,Married,Less than $40K,Blue,40,2,3698.0,0.0
0,62,F,1,High School,Married,Less than $40K,Blue,48,5,3140.0,0.632
0,36,F,3,College,Single,Less than $40K,Blue,36,5,1964.0,0.0
0,60,F,1,Graduate,Divorced,Less than $40K,Blue,53,5,2903.0,0.431
0,58,M,1,High School,Married,$60K - $80K,Blue,47,3,2212.0,0.629
1,44,F,3,High School,Divorced,Less than $40K,Blue,28,5,1877.0,0.641
0,51,M,1,Graduate,Married,$120K +,Blue,39,2,34516.0,0.071
1,61,M,0,Uneducated,Married,$80K - $120K,Blue,43,3,1438.3,0.0
1,46,M,3,Post-Graduate,Single,$40K - $60K,Blue,40,3,2344.0,0.0
0,38,M,3,Graduate,Single,Less than $40K,Blue,34,5,3094.0,0.426
0,36,F,3,Graduate,Single,$40K - $60K,Blue,28,3,3701.0,0.262
0,60,F,1,Uneducated,Divorced,$40K - $60K,Blue,48,3,2070.0,0.0
0,42,F,4,High School,Married,Less than $40K,Gold,36,2,15987.0,0.074
0,53,F,1,High School,Married,Less than $40K,Blue,41,1,3472.0,0.725
1,50,F,4,Graduate,Married,Less than $40K,Blue,30,5,4038.0,0.379
0,55,F,2,High School,Single,Less than $40K,Blue,36,2,6394.0,0.0
0,59,M,0,Graduate,Single,$40K - $60K,Blue,48,4,1638.0,0.0
0,35,F,1,High School,Married,Less than $40K,Blue,26,4,1918.0,0.469
0,43,M,2,Graduate,Married,$40K - $60K,Blue,34,3,4396.0,0.0
0,55,F,1,College,Single,Less than $40K,Blue,36,4,3520.0,0.544
0,42,M,2,Graduate,Single,$60K - $80K,Blue,26,4,11761.0,0.151
0,48,F,2,Graduate,Single,Less than $40K,Blue,38,2,8881.0,0.214
0,56,F,2,Uneducated,Single,Less than $40K,Blue,42,4,3495.0,0.408
0,39,M,3,College,Single,$40K - $60K,Blue,28,6,1640.0,0.718
0,57,F,1,Graduate,Married,Less than $40K,Blue,52,5,7882.0,0.14
0,57,M,3,College,Single,$60K - $80K,Blue,36,6,10350.0,0.0
0,52,F,2,Graduate,Married,Less than $40K,Blue,45,3,2548.0,0.661
0,44,F,1,Doctorate,Divorced,Less than $40K,Blue,39,5,2311.0,0.792
0,55,M,2,Post-Graduate,Single,$60K - $80K,Blue,37,3,22127.0,0.081
0,55,F,1,High School,Single,Less than $40K,Blue,43,4,2569.0,0.546
0,47,M,1,Uneducated,Married,$40K - $60K,Blue,36,3,8168.0,0.262
0,33,M,2,Graduate,Married,$80K - $120K,Blue,28,4,22399.0,0.064
0,49,M,3,High School,Single,$120K +,Blue,43,1,21680.0,0.073
0,43,F,2,High School,Married,Less than $40K,Blue,29,4,2616.0,0.683
1,48,M,2,College,Married,$80K - $120K,Blue,38,2,2111.0,0.0
0,64,M,0,College,Single,Less than $40K,Silver,56,5,12155.0,0.0
1,55,F,1,Uneducated,Married,Less than $40K,Blue,36,5,2258.0,0.886
0,48,M,4,Post-Graduate,Single,$80K - $120K,Blue,36,6,30367.0,0.078
0,31,M,1,High School,Divorced,$40K - $60K,Silver,26,1,15504.0,0.082
0,54,F,1,High School,Married,Less than $40K,Silver,44,2,11605.0,0.127
0,37,F,1,Graduate,Single,$40K - $60K,Blue,36,3,2886.0,0.762
0,44,F,3,Graduate,Single,Less than $40K,Silver,34,3,13609.0,0.105
0,57,M,2,Uneducated,Single,$120K +,Blue,46,3,34516.0,0.036
1,39,M,3,High School,Single,$80K - $120K,Blue,13,2,8656.0,0.0
0,46,M,2,Graduate,Single,$120K +,Blue,28,1,7790.0,0.247
0,57,M,0,Graduate,Married,$40K - $60K,Blue,48,4,5387.0,0.38
0,51,M,2,College,Single,$120K +,Blue,36,2,3477.0,0.216
0,26,M,0,Graduate,Single,Less than $40K,Blue,13,6,2585.0,0.781
0,43,M,4,Graduate,Married,$80K - $120K,Blue,35,3,3304.0,0.762
1,41,F,4,College,Married,$40K - $60K,Blue,29,5,3281.0,0.0
0,36,M,3,Graduate,Married,$120K +,Blue,29,5,12852.0,0.151
0,52,F,1,Graduate,Married,Less than $40K,Blue,38,3,3773.0,0.342
0,47,M,1,High School,Married,$40K - $60K,Blue,29,5,3291.0,0.364
1,41,F,3,Uneducated,Married,$40K - $60K,Blue,36,1,3606.0,0.0
0,65,F,0,Graduate,Married,Less than $40K,Blue,56,4,3094.0,0.732
0,47,F,4,Post-Graduate,Divorced,$40K - $60K,Blue,40,2,2725.0,0.679
1,47,M,2,High School,Single,$80K - $120K,Blue,36,4,4754.0,0.0
0,47,F,2,Uneducated,Single,Less than $40K,Blue,41,4,2092.0,0.753
0,39,M,2,Uneducated,Single,$40K - $60K,Blue,25,4,9121.0,0.156
0,58,F,4,High School,Single,Less than $40K,Blue,39,3,2755.0,0.538
0,51,F,4,High School,Single,Less than $40K,Blue,36,6,2902.0,0.563
0,32,M,0,College,Single,$60K - $80K,Blue,16,2,21551.0,0.0
0,41,M,3,College,Single,$60K - $80K,Blue,36,3,23260.0,0.063
0,44,F,2,Graduate,Single,Less than $40K,Blue,32,3,3031.0,0.62
0,44,M,3,High School,Single,$80K - $120K,Blue,35,3,18358.0,0.057
0,49,F,1,Doctorate,Single,$40K - $60K,Blue,32,3,1438.3,0.0
1,42,M,4,College,Single,$40K - $60K,Blue,36,5,10543.0,0.0
0,49,M,5,Post-Graduate,Single,$40K - $60K,Silver,36,6,15525.0,0.084
0,63,M,1,Graduate,Single,$80K - $120K,Blue,55,6,21430.0,0.0
1,49,M,1,Graduate,Married,$40K - $60K,Blue,40,6,14973.0,0.0
1,47,F,3,Graduate,Married,Less than $40K,Blue,35,4,1666.0,0.0
0,44,M,2,Graduate,Married,$80K - $120K,Silver,35,4,34516.0,0.05
1,48,F,3,Graduate,Single,Less than $40K,Blue,43,3,1502.0,0.0
0,32,M,2,Graduate,Divorced,$80K - $120K,Blue,26,5,29961.0,0.026
0,41,M,3,Graduate,Single,$60K - $80K,Blue,29,5,2775.0,0.6
0,32,M,1,High School,Single,$60K - $80K,Blue,36,4,2999.0,0.0
0,43,M,1,Post-Graduate,Single,$60K - $80K,Blue,38,4,2387.0,0.621
0,64,F,1,High School,Married,$40K - $60K,Blue,56,4,1438.3,0.0
0,56,M,2,High School,Married,$80K - $120K,Blue,45,3,5920.0,0.268
0,44,F,3,Post-Graduate,Divorced,Less than $40K,Blue,31,3,8320.0,0.0
1,42,M,2,High School,Single,$60K - $80K,Blue,33,3,4836.0,0.102
0,34,M,5,Post-Graduate,Single,$80K - $120K,Silver,28,3,34516.0,0.05
0,47,M,1,Graduate,Married,$40K - $60K,Blue,42,3,1626.0,0.0
0,49,F,5,Graduate,Single,Less than $40K,Blue,44,6,8256.0,0.105
0,45,M,0,Graduate,Married,$60K - $80K,Blue,40,4,1438.3,0.0
1,56,M,3,Graduate,Married,$120K +,Blue,36,5,12211.0,0.0
0,46,M,3,Graduate,Divorced,$80K - $120K,Blue,38,3,8475.0,0.163
1,49,M,3,Post-Graduate,Married,$80K - $120K,Blue,36,3,13382.0,0.087
0,39,F,2,College,Single,Less than $40K,Silver,20,1,12338.0,0.104
0,48,F,3,Graduate,Single,$40K - $60K,Blue,33,4,5724.0,0.102
1,51,F,1,Doctorate,Single,Less than $40K,Blue,45,5,1952.0,0.723
0,36,M,0,Graduate,Married,$60K - $80K,Blue,31,5,7667.0,0.0
0,51,F,0,High School,Married,$40K - $60K,Blue,40,6,5450.0,0.307
0,45,M,2,High School,Married,$40K - $60K,Blue,33,1,11529.0,0.158
0,50,M,1,Doctorate,Married,$80K - $120K,Blue,36,5,18964.0,0.116
0,54,F,2,Uneducated,Single,Less than $40K,Blue,36,3,3554.0,0.0
0,52,M,0,Uneducated,Married,$60K - $80K,Blue,36,3,22720.0,0.035
0,61,M,0,Graduate,Single,$80K - $120K,Gold,50,3,34516.0,0.039
0,41,F,5,Uneducated,Single,Less than $40K,Blue,30,4,1762.0,0.596
0,39,F,2,Graduate,Married,Less than $40K,Blue,26,3,4531.0,0.268
0,48,F,4,Graduate,Married,Less than $40K,Blue,21,4,1930.0,0.0
0,32,M,1,High School,Married,$40K - $60K,Blue,19,2,12024.0,0.0
0,52,M,2,College,Married,$80K - $120K,Blue,36,6,2803.0,0.278
0,47,M,1,Graduate,Married,$60K - $80K,Blue,40,2,11773.0,0.0
0,56,F,1,College,Married,Less than $40K,Blue,36,6,2641.0,0.476
0,58,M,3,High School,Married,$60K - $80K,Blue,40,6,8308.0,0.303
0,39,F,1,Graduate,Married,Less than $40K,Blue,29,4,1438.3,0.66
0,65,M,1,Graduate,Single,Less than $40K,Blue,56,5,7636.0,0.0
0,34,F,3,College,Married,Less than $40K,Blue,23,3,2164.0,0.543
0,57,F,3,College,Single,$40K - $60K,Blue,36,3,8184.0,0.184
0,48,M,4,Uneducated,Married,$60K - $80K,Silver,35,5,33791.0,0.0
1,52,M,2,High School,Single,$80K - $120K,Blue,43,4,11617.0,0.217
0,63,F,2,Graduate,Married,Less than $40K,Blue,52,5,2689.0,0.781
0,65,M,1,High School,Married,$40K - $60K,Blue,56,6,2246.0,0.59
0,48,F,3,Uneducated,Single,Less than $40K,Blue,43,5,1532.0,0.772
0,37,M,4,Graduate,Married,$80K - $120K,Blue,28,4,10021.0,0.12
0,51,F,2,High School,Single,$40K - $60K,Blue,37,5,2621.0,0.926
1,56,M,2,High School,Single,$120K +,Blue,46,2,7327.0,0.0
0,49,F,1,Graduate,Single,Less than $40K,Blue,44,5,3537.0,0.0
0,51,F,1,College,Divorced,Less than $40K,Blue,42,3,4002.0,0.417
0,40,F,3,High School,Married,Less than $40K,Blue,31,5,4736.0,0.2
0,50,F,2,High School,Married,Less than $40K,Blue,36,3,3397.0,0.488
0,56,M,3,Graduate,Married,$60K - $80K,Blue,40,3,20501.0,0.027
0,55,M,2,Uneducated,Single,$120K +,Blue,36,6,29795.0,0.079
0,46,M,3,Uneducated,Single,$60K - $80K,Blue,36,5,5489.0,0.217
0,58,F,2,Uneducated,Married,$40K - $60K,Blue,49,3,6175.0,0.189
0,30,M,0,Graduate,Married,Less than $40K,Blue,21,6,2490.0,0.0
1,46,M,4,Uneducated,Single,$80K - $120K,Gold,41,6,34516.0,0.032
0,54,M,1,College,Married,$80K - $120K,Blue,48,6,12169.0,0.159
1,43,M,3,Post-Graduate,Married,$40K - $60K,Platinum,31,2,23981.0,0.025
0,55,M,4,High School,Single,$60K - $80K,Blue,51,4,2001.0,0.776
0,50,F,1,Uneducated,Married,Less than $40K,Blue,43,6,1438.3,0.0
1,39,F,2,Graduate,Married,Less than $40K,Blue,29,3,1677.0,0.0
0,49,M,3,High School,Single,$120K +,Blue,42,5,12630.0,0.144
0,64,F,0,Graduate,Single,Less than $40K,Blue,56,4,2294.0,0.69
1,52,F,3,High School,Divorced,Less than $40K,Blue,47,3,6629.0,0.38
0,38,M,3,Graduate,Single,$40K - $60K,Blue,31,3,5362.0,0.207
0,39,F,2,College,Married,$40K - $60K,Blue,29,5,1438.3,0.502
0,33,F,1,College,Single,Less than $40K,Silver,17,4,13431.0,0.118
0,44,M,3,High School,Married,$80K - $120K,Blue,36,4,20882.0,0.068
0,42,M,2,Graduate,Married,$120K +,Blue,32,1,34516.0,0.042
0,53,M,4,Graduate,Married,$120K +,Blue,40,1,6383.0,0.237
0,42,F,3,Post-Graduate,Married,Less than $40K,Blue,36,4,4328.0,0.404
0,65,F,0,High School,Married,$40K - $60K,Blue,36,5,6088.0,0.352
0,46,M,5,High School,Single,$60K - $80K,Blue,41,3,7478.0,0.237
1,59,F,2,Uneducated,Married,Less than $40K,Blue,51,5,1438.3,0.0
0,58,M,0,Doctorate,Single,Less than $40K,Blue,46,6,1438.3,0.0
1,59,F,0,Post-Graduate,Married,$40K - $60K,Blue,40,1,1438.3,0.0
0,47,F,2,Graduate,Single,Less than $40K,Blue,36,3,2363.0,0.209
1,43,M,4,Graduate,Single,$60K - $80K,Blue,34,5,10573.0,0.0
0,49,F,0,Graduate,Married,Less than $40K,Blue,30,3,1604.0,0.693
0,36,F,4,Uneducated,Single,Less than $40K,Blue,26,4,2002.0,0.688
0,51,M,3,Graduate,Married,$120K +,Blue,42,2,7932.0,0.27
0,48,F,3,Uneducated,Single,$40K - $60K,Blue,36,5,1906.0,0.661
1,46,F,3,Uneducated,Divorced,$40K - $60K,Blue,39,2,3157.0,0.306
0,66,F,0,High School,Married,Less than $40K,Blue,54,3,3171.0,0.687
0,56,M,2,Post-Graduate,Married,$60K - $80K,Blue,49,5,1438.3,0.0
1,56,F,2,College,Single,Less than $40K,Blue,52,3,3639.0,0.599
0,43,F,3,Graduate,Single,Less than $40K,Blue,30,3,4075.0,0.537
0,32,M,3,Graduate,Married,$40K - $60K,Blue,18,5,6407.0,0.15
0,52,F,1,Uneducated,Married,Less than $40K,Blue,42,5,3103.0,0.811
0,32,M,3,College,Single,$80K - $120K,Blue,21,4,21390.0,0.0
0,50,M,2,Post-Graduate,Married,$80K - $120K,Blue,45,6,1867.0,0.792
1,45,M,4,Graduate,Married,$60K - $80K,Blue,39,6,12890.0,0.0
0,51,M,3,Graduate,Married,$80K - $120K,Blue,39,1,7088.0,0.247
1,35,F,3,Graduate,Single,Less than $40K,Blue,31,1,1678.0,0.0
0,48,M,2,High School,Married,$80K - $120K,Blue,44,5,11332.0,0.145
0,41,M,3,College,Single,$60K - $80K,Blue,28,6,5841.0,0.422
0,44,F,4,Uneducated,Married,Less than $40K,Blue,36,2,6769.0,0.167
1,53,F,1,Graduate,Single,Less than $40K,Blue,48,6,2370.0,0.492
0,37,M,5,Graduate,Married,$60K - $80K,Blue,31,5,3351.0,0.551
0,36,F,1,High School,Single,Less than $40K,Blue,36,5,5257.0,0.299
0,61,M,0,High School,Married,$60K - $80K,Blue,36,4,9172.0,0.171
1,34,M,3,Post-Graduate,Single,$40K - $60K,Blue,28,2,3744.0,0.0
0,40,M,2,College,Single,$60K - $80K,Blue,28,1,10880.0,0.186
1,42,F,0,College,Single,$40K - $60K,Blue,30,5,1438.3,0.85
0,37,F,1,College,Single,$40K - $60K,Blue,32,4,1976.0,0.0
0,56,M,2,Graduate,Married,$120K +,Blue,49,4,8902.0,0.217
0,43,M,4,Uneducated,Single,$80K - $120K,Blue,32,4,16043.0,0.127
0,33,F,1,Graduate,Single,$40K - $60K,Blue,18,2,3043.0,0.675
0,46,M,2,College,Single,$80K - $120K,Blue,41,4,21526.0,0.108
0,39,F,2,College,Single,Less than $40K,Blue,36,6,9476.0,0.0
0,56,F,2,High School,Single,$40K - $60K,Blue,36,4,13904.0,0.045
0,47,M,3,Uneducated,Married,$80K - $120K,Blue,36,6,29770.0,0.053
0,49,F,2,Uneducated,Single,Less than $40K,Blue,36,6,2182.0,0.789
0,39,F,2,Graduate,Married,$40K - $60K,Blue,26,4,3649.0,0.255
0,59,F,0,Graduate,Married,Less than $40K,Blue,48,3,1661.0,0.0
0,59,M,0,Graduate,Single,$60K - $80K,Blue,53,4,4386.0,0.571
0,38,F,5,Graduate,Married,Less than $40K,Blue,31,2,2153.0,0.647
0,43,M,3,Graduate,Single,$120K +,Blue,31,3,1438.3,0.0
0,47,M,4,Graduate,Married,$60K - $80K,Silver,39,4,33122.0,0.048
0,34,F,3,Graduate,Married,Less than $40K,Blue,23,5,2263.0,0.793
0,45,M,3,Graduate,Married,$40K - $60K,Blue,35,5,3454.0,0.347
0,58,F,1,High School,Married,Less than $40K,Blue,46,4,2799.0,0.547
0,49,F,4,Uneducated,Single,Less than $40K,Blue,36,1,1544.0,0.647
0,47,F,2,Post-Graduate,Divorced,$40K - $60K,Blue,33,6,5624.0,0.216
0,52,M,1,Graduate,Single,$80K - $120K,Silver,44,2,34516.0,0.047
0,60,F,2,Graduate,Married,Less than $40K,Blue,36,1,3239.0,0.727
0,56,F,2,Post-Graduate,Married,Less than $40K,Blue,48,6,4930.0,0.458
0,44,M,4,High School,Single,$120K +,Blue,37,5,8396.0,0.199
0,35,M,0,High School,Single,$80K - $120K,Gold,29,6,34516.0,0.057
0,47,F,4,Graduate,Married,Less than $40K,Blue,37,4,3189.0,0.584
0,33,M,1,High School,Divorced,$40K - $60K,Blue,28,6,2507.0,0.635
0,58,F,1,Post-Graduate,Single,Less than $40K,Blue,36,6,1438.3,0.0
0,43,M,5,Uneducated,Married,$120K +,Blue,31,4,34516.0,0.024
0,47,M,2,Uneducated,Married,$40K - $60K,Blue,39,2,3471.0,0.0
0,40,F,4,Graduate,Single,Less than $40K,Blue,30,4,2558.0,0.0
0,37,M,3,Graduate,Married,$40K - $60K,Blue,36,6,3908.0,0.417
