gill-size,stalk-surface-below-ring,gill-spacing,population,bruises,stalk-root
n,s,c,s,t,e
b,s,c,n,t,c
b,s,c,n,t,c
n,s,c,s,t,e
b,s,w,a,f,e
b,s,c,n,t,c
b,s,c,n,t,c
b,s,c,s,t,c
n,s,c,v,t,e
b,s,c,s,t,c
b,s,c,n,t,c
b,s,c,s,t,c
b,s,c,s,t,c
n,s,c,v,t,e
b,f,w,a,f,e
n,s,c,y,f,e
b,s,w,a,f,e
n,s,c,s,t,e
n,s,c,s,t,e
n,s,c,s,t,e
b,s,c,s,t,c
n,s,c,v,t,e
b,s,c,s,t,c
b,s,c,n,t,c
b,s,c,s,t,c
n,s,c,v,t,e
b,s,c,n,t,c
b,s,c,n,t,c
n,s,c,y,f,e
n,s,w,v,t,b
b,s,c,n,t,c
n,s,c,s,t,e
b,s,c,n,t,c
b,y,c,y,t,r
b,s,c,s,t,c
n,s,w,v,t,b
n,s,c,v,f,e
n,s,c,s,t,e
n,s,w,v,t,b
b,s,c,s,t,c
b,s,c,s,t,c
b,y,c,y,t,r
n,s,c,y,f,e
n,s,c,v,t,e
b,s,c,n,t,c
b,s,c,n,t,c
b,s,c,s,t,c
b,s,c,n,t,c
b,y,c,s,t,r
b,y,c,s,t,r
b,y,c,s,t,r
b,s,c,s,t,c
b,s,c,n,t,c
n,s,c,v,t,e
n,s,c,v,t,e
b,s,c,s,t,c
b,s,w,a,f,e
b,s,c,n,t,c
b,s,c,n,t,c
b,y,c,y,t,r
n,s,c,v,f,e
b,s,c,s,t,c
b,s,c,s,t,c
b,s,c,n,t,c
b,s,c,s,t,c
b,s,w,a,f,e
b,s,c,s,t,c
b,y,c,s,t,r
b,s,c,n,t,c
n,s,c,v,f,e
n,s,w,v,t,b
b,s,c,s,t,c
n,s,w,v,t,b
b,y,c,s,t,r
b,s,c,s,t,c
n,s,w,v,t,b
n,s,w,v,t,b
b,y,c,y,t,r
n,s,c,v,t,e
b,y,c,y,t,r
b,s,w,s,f,e
n,s,c,s,t,e
n,s,c,y,f,e
b,s,w,s,f,e
b,y,c,s,t,r
b,s,w,s,f,e
b,s,c,s,t,c
b,s,c,s,t,c
b,y,c,y,t,r
n,s,c,v,f,e
n,s,c,y,f,e
b,s,c,s,t,c
b,s,c,s,t,c
b,s,c,n,t,c
b,s,w,a,f,e
b,s,c,s,t,c
b,y,c,s,t,r
b,s,c,n,t,c
b,s,c,s,t,c
b,s,c,s,t,c
b,s,w,s,f,e
b,s,c,n,t,c
b,y,c,s,t,r
b,y,c,y,t,r
b,s,c,n,t,c
b,s,c,n,t,c
b,y,c,y,t,r
b,s,c,s,t,c
b,s,c,s,t,c
b,s,c,n,t,c
b,s,c,n,t,c
n,s,c,y,f,e
n,s,w,v,t,b
b,s,c,n,t,c
n,s,c,v,t,e
b,y,c,s,t,r
n,s,c,y,f,e
b,y,c,y,t,r
n,s,w,v,t,b
n,s,c,y,f,e
n,s,c,v,t,e
b,s,c,n,t,c
n,s,c,v,t,e
b,s,w,a,f,e
b,s,c,s,t,c
b,f,w,s,f,e
b,s,c,n,t,c
b,s,w,a,f,e
b,s,c,n,t,c
b,s,c,s,t,c
b,s,c,s,t,c
b,s,c,s,t,c
n,s,w,v,t,b
b,s,c,s,t,c
n,s,w,v,t,b
n,s,c,v,t,e
n,s,w,v,t,b
b,s,c,s,t,c
n,s,c,v,t,e
b,s,c,n,t,c
b,y,c,y,t,r
b,s,c,n,t,c
n,s,c,v,f,e
b,y,c,y,t,r
b,s,c,n,t,c
b,f,w,s,f,e
b,f,w,a,f,e
b,s,c,n,t,c
b,s,c,n,t,c
b,s,c,n,t,c
b,s,c,s,t,c
b,s,w,a,f,e
b,s,c,s,t,c
n,s,c,v,f,e
n,s,w,v,t,b
b,y,c,s,t,r
b,s,c,n,t,c
b,s,c,n,t,c
b,s,c,s,t,c
b,s,c,s,t,c
b,s,c,s,t,c
b,s,c,n,t,c
n,s,c,y,f,e
b,y,c,y,t,r
b,s,c,s,t,c
b,y,c,y,t,r
b,s,c,s,t,c
b,s,c,s,t,c
b,y,c,y,t,r
b,s,c,s,t,c
n,s,c,y,f,e
b,s,c,s,t,c
n,s,w,v,t,b
b,s,c,s,t,c
b,y,c,s,t,r
b,s,c,n,t,c
b,s,c,n,t,c
b,s,c,s,t,c
b,s,c,n,t,c
b,s,c,n,t,c
n,s,c,v,t,e
n,s,c,y,f,e
n,s,c,v,f,e
b,s,c,s,t,c
b,y,c,s,t,r
n,s,c,s,t,e
b,s,c,s,t,c
n,s,c,v,f,e
b,s,c,n,t,c
b,y,c,y,t,r
b,f,w,s,f,e
n,s,w,v,t,b
b,s,c,s,t,c
n,s,w,v,t,b
b,s,c,n,t,c
n,s,c,y,f,e
b,s,c,s,t,c
b,s,c,n,t,c
b,s,c,s,t,c
n,s,w,v,t,b
b,s,c,s,t,c
b,s,c,s,t,c
b,s,c,n,t,c
b,s,w,s,f,e
b,y,c,y,t,r
n,s,c,v,t,e
b,s,c,n,t,c
b,s,c,s,t,c
b,s,c,n,t,c
b,s,c,n,t,c
b,s,c,s,t,c
b,s,c,n,t,c
n,s,w,v,t,b
n,s,c,y,f,e
b,y,c,s,t,r
b,s,c,n,t,c
b,s,c,s,t,c
b,s,c,s,t,c
b,s,c,s,t,c
n,s,c,v,f,e
b,s,c,n,t,c
n,s,c,s,t,e
b,y,c,s,t,r
n,s,w,v,t,b
b,s,c,n,t,c
b,s,c,s,t,c
b,s,c,n,t,c
b,s,c,s,t,c
n,s,c,v,t,e
b,s,c,n,t,c
n,s,c,y,f,e
n,s,c,s,t,e
b,y,c,y,t,r
n,s,c,v,f,e
b,s,c,n,t,c
n,s,w,v,t,b
b,s,c,s,t,c
b,s,c,s,t,c
b,y,c,s,t,r
b,y,c,s,t,r
b,y,c,y,t,r
b,s,c,s,t,c
b,s,c,n,t,c
n,s,c,v,t,e
n,s,w,v,t,b
b,s,c,s,t,c
n,s,w,v,t,b
b,s,c,s,t,c
b,y,c,y,t,r
b,s,w,s,f,e
b,y,c,y,t,r
n,s,c,s,t,e
n,s,c,v,f,e
b,s,c,s,t,c
b,s,c,s,t,c
b,s,c,n,t,c
n,s,c,v,f,e
b,s,c,n,t,c
b,s,c,n,t,c
b,s,c,n,t,c
b,y,c,s,t,r
n,s,c,v,t,e
b,s,c,n,t,c
b,s,c,s,t,c
n,s,w,v,t,b
n,s,c,v,f,e
b,s,w,a,f,e
b,s,c,s,t,c
b,s,c,s,t,c
n,s,c,s,t,e
b,s,c,n,t,c
n,s,c,v,t,e
b,s,c,s,t,c
b,s,c,n,t,c
b,y,c,s,t,r
b,y,c,s,t,r
b,y,c,y,t,r
b,s,c,n,t,c
b,s,w,s,f,e
b,s,c,n,t,c
n,s,c,s,t,e
b,s,c,n,t,c
n,s,c,v,f,e
b,s,c,s,t,c
b,s,c,n,t,c
b,y,c,s,t,r
b,s,c,s,t,c
b,s,c,s,t,c
b,y,c,y,t,r
n,s,c,y,f,e
n,s,c,y,f,e
b,s,c,s,t,c
b,s,c,s,t,c
b,s,c,s,t,c
b,s,c,s,t,c
b,s,c,n,t,c
b,s,c,s,t,c
b,f,w,s,f,e
n,s,w,v,t,b
n,s,c,s,t,e
b,s,w,a,f,e
b,s,c,s,t,c
n,s,w,v,t,b
b,s,c,s,t,c
b,s,c,s,t,c
b,s,c,y,t,b
b,s,c,s,t,c
b,s,c,n,t,c
b,y,c,y,t,r
b,s,w,s,f,e
b,s,c,s,t,c
n,s,c,v,t,e
b,s,c,s,t,c
n,s,w,v,t,b
b,s,c,n,t,c
n,s,c,v,t,e
n,s,w,v,t,b
b,s,c,n,t,c
n,s,w,v,t,b
n,s,w,v,t,b
b,s,c,s,t,c
n,s,w,v,t,b
b,s,c,s,t,c
b,s,c,s,t,c
b,y,c,s,t,r
b,s,c,n,t,c
b,s,c,s,t,c
n,s,c,v,t,e
b,s,c,n,t,c
b,s,c,n,t,c
n,s,c,v,t,e
b,s,c,s,t,c
b,s,c,n,t,c
b,s,c,s,t,c
b,s,c,n,t,c
b,s,c,y,t,b
b,y,c,y,t,r
b,s,c,s,t,c
n,s,c,v,f,e
b,y,c,y,t,r
b,s,c,s,t,c
b,s,c,n,t,c
b,s,c,s,t,c
n,s,w,v,t,b
b,s,c,s,t,c
b,f,w,a,f,e
n,s,w,v,t,b
b,s,c,n,t,c
b,f,w,s,f,e
n,s,c,y,f,e
b,f,w,a,f,e
b,y,c,s,t,r
b,s,c,s,t,c
b,s,c,s,t,c
b,y,c,s,t,r
n,s,c,v,f,e
b,y,c,y,t,r
n,s,c,s,t,e
b,y,c,y,t,r
b,s,c,s,t,c
b,f,w,s,f,e
b,f,w,a,f,e
b,s,w,a,f,e
b,y,c,s,t,r
b,s,c,n,t,c
n,s,c,v,f,e
b,y,c,s,t,r
n,s,w,v,t,b
b,s,c,n,t,c
b,s,w,s,f,e
b,y,c,s,t,r
b,y,c,y,t,r
b,s,c,s,t,c
n,s,c,y,f,e
b,s,c,s,t,c
b,s,c,n,t,c
n,s,c,y,f,e
b,s,c,n,t,c
b,s,c,n,t,c
b,s,c,s,t,c
n,s,c,s,t,e
b,s,w,s,f,e
b,s,c,s,t,c
b,s,c,n,t,c
b,s,c,y,t,b
n,s,c,s,t,e
b,y,c,y,t,r
b,s,w,a,f,e
b,s,c,n,t,c
b,s,c,n,t,c
b,s,c,s,t,c
b,s,c,n,t,c
b,s,c,n,t,c
n,s,c,v,f,e
b,y,c,s,t,r
b,f,w,a,f,e
b,s,c,n,t,c
b,s,c,s,t,c
n,s,c,v,f,e
n,s,c,s,t,e
b,s,c,n,t,c
b,s,c,n,t,c
n,s,c,v,t,e
b,s,c,s,t,c
b,s,c,s,t,c
b,s,c,s,t,c
b,s,c,n,t,c
b,s,c,s,t,c
b,s,c,s,t,c
b,y,c,y,t,r
b,s,c,s,t,c
b,f,w,s,f,e
b,y,c,s,t,r
b,y,c,y,t,r
n,s,c,v,t,e
b,s,c,n,t,c
n,s,w,v,t,b
n,s,c,s,t,e
b,s,c,n,t,c
b,f,w,a,f,e
b,s,c,s,t,c
b,s,c,s,t,c
n,s,c,s,t,e
b,y,c,s,t,r
b,s,c,n,t,c
n,s,w,v,t,b
b,y,c,y,t,r
b,s,c,n,t,c
b,f,w,a,f,e
n,s,c,v,f,e
b,s,c,s,t,c
b,y,c,y,t,r
b,s,c,s,t,c
b,s,c,s,t,c
n,s,w,v,t,b
b,s,c,n,t,c
n,s,w,v,t,b
b,s,c,n,t,c
b,s,c,n,t,c
b,y,c,y,t,r
b,s,c,s,t,c
b,s,c,s,t,c
b,y,c,y,t,r
b,s,c,n,t,c
b,s,c,n,t,c
b,y,c,s,t,r
b,s,c,n,t,c
b,y,c,s,t,r
b,s,c,s,t,c
b,s,c,y,t,b
b,s,c,s,t,c
b,s,c,n,t,c
b,s,c,n,t,c
n,s,w,v,t,b
b,s,c,n,t,c
b,f,w,a,f,e
b,s,c,n,t,c
b,s,c,s,t,c
b,y,c,y,t,r
b,y,c,y,t,r
b,s,c,s,t,c
b,y,c,s,t,r
b,s,c,s,t,c
b,s,c,n,t,c
n,s,c,v,f,e
b,y,c,y,t,r
b,s,c,n,t,c
b,s,c,n,t,c
b,s,c,n,t,c
b,y,c,s,t,r
b,s,c,n,t,c
b,s,c,n,t,c
n,s,w,v,t,b
n,s,c,y,f,e
n,s,w,v,t,b
n,s,c,y,f,e
n,s,c,y,f,e
b,s,c,n,t,c
n,s,w,v,t,b
b,s,c,s,t,c
b,s,c,s,t,c
b,s,c,s,t,c
n,s,w,v,t,b
n,s,c,y,f,e
n,s,w,v,t,b
b,y,c,y,t,r
b,s,c,s,t,c
n,s,c,y,f,e
b,y,c,s,t,r
b,y,c,s,t,r
n,s,w,v,t,b
n,s,c,s,t,e
n,s,c,v,t,e
b,y,c,s,t,r
b,y,c,s,t,r
b,s,c,n,t,c
b,s,w,a,f,e
b,y,c,s,t,r
b,s,c,s,t,c
b,s,c,n,t,c
b,s,c,n,t,c
b,s,c,n,t,c
b,s,c,n,t,c
b,s,c,s,t,c
b,s,c,s,t,c
n,s,c,v,t,e
b,s,w,s,f,e
b,s,w,a,f,e
n,s,w,v,t,b
n,s,c,v,f,e
n,s,c,y,f,e
b,s,c,s,t,c
n,s,w,v,t,b
n,s,c,v,f,e
n,s,c,v,f,e
b,s,w,a,f,e
b,y,c,y,t,r
b,s,c,n,t,c
b,s,c,s,t,c
b,s,c,n,t,c
b,s,c,n,t,c
b,s,c,s,t,c
b,y,c,y,t,r
n,s,c,s,t,e
n,s,c,y,f,e
b,s,c,s,t,c
b,y,c,s,t,r
b,s,c,s,t,c
n,s,c,y,f,e
b,y,c,y,t,r
b,y,c,y,t,r
b,s,c,s,t,c
n,s,c,s,t,e
b,y,c,y,t,r
n,s,c,s,t,e
b,s,w,s,f,e
b,s,c,s,t,c
n,s,c,v,f,e
b,s,c,s,t,c
n,s,w,v,t,b
b,s,c,s,t,c
b,f,w,s,f,e
n,s,c,s,t,e
b,y,c,s,t,r
b,s,w,a,f,e
b,s,c,s,t,c
b,s,c,s,t,c
n,s,c,v,f,e
n,s,w,v,t,b
b,s,c,n,t,c
n,s,c,y,f,e
b,s,w,s,f,e
b,y,c,s,t,r
n,s,w,v,t,b
b,s,c,s,t,c
b,y,c,y,t,r
n,s,c,v,t,e
n,s,w,v,t,b
b,s,c,n,t,c
b,s,c,n,t,c
b,s,c,s,t,c
n,s,w,v,t,b
n,s,w,v,t,b
b,s,w,s,f,e
b,s,c,s,t,c
n,s,c,v,t,e
b,s,c,n,t,c
b,f,w,s,f,e
n,s,c,s,t,e
b,s,c,n,t,c
b,s,c,n,t,c
n,s,w,v,t,b
b,s,c,n,t,c
b,s,c,n,t,c
b,y,c,y,t,r
b,s,c,s,t,c
n,s,c,v,f,e
b,s,c,s,t,c
b,y,c,y,t,r
n,s,c,s,t,e
b,s,c,n,t,c
b,s,c,s,t,c
b,s,c,n,t,c
b,y,c,y,t,r
b,y,c,s,t,r
b,s,c,s,t,c
n,s,c,v,f,e
n,s,c,y,f,e
n,s,c,v,f,e
b,s,c,n,t,c
n,s,c,s,t,e
b,f,w,s,f,e
b,s,c,s,t,c
n,s,c,s,t,e
b,s,c,n,t,c
n,s,c,v,t,e
b,s,c,n,t,c
b,s,c,s,t,c
n,s,c,s,t,e
n,s,c,s,t,e
b,f,w,a,f,e
b,y,c,y,t,r
b,f,w,a,f,e
b,y,c,s,t,r
b,s,c,s,t,c
b,s,c,n,t,c
b,f,w,s,f,e
b,y,c,y,t,r
b,s,c,s,t,c
n,s,c,v,f,e
b,s,w,a,f,e
b,f,w,s,f,e
b,f,w,a,f,e
n,s,c,s,t,e
b,y,c,s,t,r
b,s,c,s,t,c
b,s,w,a,f,e
b,s,c,s,t,c
b,s,c,n,t,c
n,s,c,y,f,e
b,y,c,s,t,r
b,s,c,n,t,c
n,s,w,v,t,b
b,y,c,s,t,r
n,s,c,y,f,e
b,s,c,s,t,c
n,s,w,v,t,b
n,s,c,y,f,e
b,s,c,s,t,c
b,s,c,n,t,c
b,s,w,s,f,e
b,s,c,n,t,c
b,s,c,v,t,b
b,y,c,s,t,r
b,y,c,s,t,r
b,s,c,s,t,c
b,y,c,s,t,r
b,s,c,n,t,c
b,s,w,s,f,e
b,s,c,s,t,c
b,s,c,n,t,c
b,y,c,y,t,r
b,y,c,s,t,r
b,y,c,y,t,r
b,y,c,s,t,r
n,s,w,v,t,b
b,s,c,s,t,c
b,s,c,n,t,c
b,s,c,s,t,c
n,s,w,v,t,b
b,s,c,s,t,c
b,s,c,n,t,c
b,y,c,y,t,r
n,s,c,s,t,e
n,s,c,v,t,e
b,s,c,s,t,c
b,s,w,s,f,e
b,s,c,n,t,c
b,y,c,y,t,r
n,s,c,y,f,e
b,s,c,s,t,c
b,s,c,s,t,c
n,s,c,s,t,e
n,s,c,s,t,e
b,s,c,s,t,c
b,s,c,n,t,c
b,y,c,s,t,r
b,y,c,y,t,r
b,y,c,y,t,r
b,s,c,n,t,c
b,s,c,s,t,c
n,s,c,v,f,e
b,s,w,a,f,e
n,s,w,v,t,b
b,y,c,s,t,r
n,s,c,y,f,e
n,s,c,v,f,e
b,y,c,y,t,r
b,y,c,y,t,r
b,s,c,s,t,c
n,s,w,v,t,b
b,s,c,n,t,c
n,s,w,v,t,b
b,s,c,n,t,c
b,s,c,v,t,b
b,s,c,n,t,c
n,s,c,v,f,e
b,s,c,s,t,c
b,s,c,n,t,c
b,s,c,s,t,c
b,s,c,s,t,c
b,s,c,s,t,c
b,y,c,s,t,r
b,s,w,a,f,e
n,s,c,s,t,e
b,s,c,s,t,c
b,s,c,s,t,c
n,s,c,v,t,e
n,s,c,v,t,e
b,s,w,a,f,e
n,s,c,s,t,e
b,f,w,a,f,e
b,y,c,s,t,r
b,s,c,n,t,c
b,y,c,s,t,r
b,y,c,y,t,r
b,s,c,n,t,c
n,s,c,y,f,e
b,s,c,n,t,c
b,s,c,n,t,c
b,y,c,s,t,r
b,f,w,a,f,e
b,s,c,s,t,c
b,s,c,n,t,c
b,s,c,s,t,c
b,s,c,s,t,c
b,s,c,s,t,c
b,y,c,s,t,r
b,y,c,s,t,r
n,s,c,v,f,e
b,y,c,s,t,r
b,s,c,n,t,c
n,s,w,v,t,b
b,s,w,a,f,e
b,y,c,s,t,r
n,s,c,v,t,e
b,s,c,n,t,c
b,s,w,s,f,e
b,s,c,s,t,c
b,s,c,s,t,c
b,y,c,y,t,r
b,s,w,s,f,e
n,s,c,s,t,e
n,s,c,s,t,e
b,s,c,n,t,c
b,s,c,s,t,c
n,s,w,v,t,b
n,s,c,s,t,e
b,s,c,s,t,c
n,s,c,v,f,e
n,s,c,v,f,e
b,s,c,s,t,c
b,y,c,s,t,r
b,s,c,n,t,c
b,y,c,s,t,r
b,s,c,n,t,c
b,s,c,s,t,c
b,s,c,s,t,c
n,s,c,v,t,e
n,s,w,v,t,b
b,y,c,s,t,r
b,s,c,n,t,c
n,s,w,v,t,b
b,s,c,s,t,c
b,s,c,n,t,c
b,s,c,n,t,c
b,y,c,y,t,r
b,f,w,a,f,e
b,s,c,n,t,c
b,y,c,y,t,r
b,s,c,n,t,c
b,y,c,y,t,r
b,s,c,n,t,c
n,s,c,v,f,e
b,y,c,s,t,r
b,f,w,a,f,e
n,s,w,v,t,b
n,s,c,y,f,e
b,s,c,s,t,c
b,s,c,n,t,c
b,s,c,n,t,c
b,s,c,s,t,c
b,s,c,n,t,c
n,s,w,v,t,b
b,s,w,a,f,e
b,y,c,s,t,r
n,s,c,s,t,e
b,y,c,y,t,r
b,s,c,n,t,c
b,s,c,n,t,c
b,s,c,s,t,c
n,s,c,y,f,e
b,s,c,s,t,c
b,s,c,s,t,c
b,s,c,n,t,c
n,s,c,v,t,e
n,s,c,v,f,e
b,s,c,n,t,c
n,s,c,s,t,e
b,y,c,y,t,r
b,s,c,s,t,c
b,y,c,y,t,r
b,s,c,n,t,c
b,s,c,n,t,c
n,s,c,v,t,e
n,s,c,s,t,e
b,s,c,n,t,c
b,s,w,s,f,e
n,s,c,v,t,e
b,y,c,s,t,r
b,s,c,n,t,c
b,s,c,n,t,c
n,s,c,v,t,e
b,s,c,n,t,c
b,s,c,n,t,c
b,y,c,s,t,r
b,s,c,s,t,c
b,y,c,y,t,r
b,s,c,s,t,c
n,s,w,v,t,b
b,s,c,n,t,c
b,s,c,n,t,c
n,s,c,v,t,e
n,s,c,v,t,e
n,s,c,v,t,e
b,s,c,s,t,c
b,y,c,y,t,r
b,y,c,y,t,r
n,s,w,v,t,b
b,s,c,n,t,c
b,s,c,n,t,c
n,s,c,v,f,e
b,s,c,s,t,c
b,s,c,s,t,c
b,y,c,s,t,r
b,s,c,s,t,c
n,s,w,v,t,b
n,s,w,v,t,b
b,s,c,s,t,c
n,s,w,v,t,b
n,s,c,v,f,e
n,s,w,v,t,b
b,y,c,y,t,r
b,y,c,s,t,r
b,y,c,y,t,r
n,s,c,v,t,e
b,s,c,s,t,c
n,s,c,s,t,e
b,s,c,s,t,c
b,s,c,s,t,c
n,s,w,v,t,b
n,s,c,v,t,e
b,s,c,s,t,c
n,s,c,y,f,e
b,s,c,n,t,c
b,f,w,s,f,e
b,s,c,s,t,c
b,s,c,s,t,c
b,s,c,n,t,c
n,s,w,v,t,b
b,s,c,s,t,c
b,y,c,s,t,r
n,s,c,y,f,e
b,s,w,a,f,e
n,s,c,v,f,e
b,y,c,s,t,r
n,s,w,v,t,b
b,s,c,s,t,c
b,s,c,n,t,c
n,s,c,v,t,e
b,y,c,y,t,r
b,s,c,s,t,c
b,y,c,s,t,r
b,s,c,n,t,c
b,s,c,s,t,c
b,s,c,s,t,c
n,s,c,v,f,e
b,y,c,y,t,r
n,s,c,y,f,e
b,s,c,n,t,c
b,y,c,y,t,r
b,s,c,n,t,c
b,s,c,s,t,c
b,s,c,v,t,b
b,s,c,s,t,c
b,y,c,s,t,r
b,s,c,n,t,c
b,s,c,n,t,c
b,y,c,y,t,r
b,s,c,n,t,c
n,s,w,v,t,b
b,f,w,s,f,e
b,s,c,n,t,c
b,s,c,n,t,c
b,y,c,s,t,r
n,s,w,v,t,b
b,s,c,s,t,c
b,y,c,y,t,r
b,y,c,y,t,r
b,s,c,n,t,c
b,s,c,y,t,b
b,y,c,y,t,r
b,s,c,n,t,c
b,s,c,s,t,c
b,s,c,s,t,c
b,y,c,s,t,r
b,s,c,n,t,c
b,s,c,n,t,c
b,s,c,s,t,c
b,s,c,s,t,c
b,y,c,y,t,r
b,f,w,a,f,e
b,f,w,s,f,e
b,s,w,s,f,e
b,s,c,n,t,c
b,s,w,s,f,e
n,s,c,s,t,e
b,f,w,s,f,e
n,s,c,v,t,e
n,s,c,v,t,e
b,s,c,n,t,c
b,f,w,a,f,e
b,s,c,n,t,c
b,s,w,a,f,e
b,s,w,s,f,e
b,s,c,n,t,c
b,s,c,s,t,c
b,s,c,y,t,b
b,f,w,a,f,e
b,f,w,s,f,e
b,s,w,a,f,e
b,f,w,a,f,e
b,s,c,n,t,c
n,s,w,v,t,b
b,s,w,s,f,e
b,s,w,a,f,e
b,s,w,a,f,e
n,s,c,s,t,e
n,s,c,y,f,e
b,s,c,n,t,c
b,s,w,a,f,e
b,f,w,s,f,e
n,s,c,v,t,e
b,s,c,s,t,c
n,s,c,y,f,e
b,f,w,s,f,e
b,s,c,n,t,c
b,s,w,s,f,e
b,s,w,a,f,e
b,s,c,y,t,b
b,s,c,n,t,c
b,f,w,s,f,e
n,s,c,s,t,e
b,s,w,s,f,e
b,s,c,v,t,b
b,f,w,a,f,e
b,f,w,s,f,e
b,s,c,s,t,c
b,s,w,a,f,e
n,s,c,v,t,e
n,s,c,s,t,e
b,s,c,s,t,c
b,f,w,a,f,e
b,f,w,a,f,e
b,s,w,s,f,e
b,s,c,s,t,c
n,s,c,v,t,e
b,s,c,v,t,b
n,s,w,v,t,b
b,s,c,n,t,c
b,f,w,a,f,e
b,s,w,a,f,e
b,s,c,v,t,b
b,s,c,y,t,b
b,f,w,s,f,e
b,s,w,s,f,e
n,s,c,s,t,e
b,s,c,y,t,b
b,f,w,s,f,e
b,f,w,s,f,e
b,s,w,s,f,e
b,s,c,v,t,b
b,s,c,v,t,b
b,f,w,s,f,e
b,s,c,y,t,b
b,f,w,s,f,e
b,s,c,n,t,c
b,s,c,y,t,b
b,s,c,s,t,c
b,f,w,a,f,e
b,s,c,y,t,b
b,s,c,s,t,c
b,s,w,s,f,e
b,s,w,s,f,e
n,s,c,s,t,e
b,f,w,s,f,e
b,s,w,a,f,e
b,f,w,a,f,e
b,f,w,a,f,e
b,s,c,n,t,c
b,s,c,n,t,c
b,f,w,a,f,e
b,s,w,s,f,e
n,s,c,v,f,e
b,f,w,s,f,e
b,f,w,a,f,e
b,s,c,s,t,c
n,s,w,v,t,b
b,s,c,n,t,c
n,s,c,v,t,e
b,s,c,y,t,b
b,y,c,y,t,r
b,s,w,s,f,e
n,s,c,v,t,e
b,y,c,y,t,r
b,f,w,a,f,e
b,s,w,a,f,e
b,s,w,s,f,e
b,s,w,a,f,e
b,s,c,s,t,c
b,s,c,s,t,c
b,s,w,s,f,e
b,y,c,s,t,r
b,f,w,s,f,e
b,f,w,s,f,e
n,s,w,v,t,b
b,y,c,s,t,r
b,s,c,y,t,b
n,s,c,s,t,e
b,s,c,v,t,b
b,f,w,a,f,e
b,s,c,n,t,c
b,s,c,n,t,c
b,s,c,s,t,c
n,s,c,v,t,e
n,s,c,s,t,e
n,s,c,v,f,e
n,s,w,v,t,b
b,s,c,n,t,c
b,s,w,a,f,e
b,s,c,y,t,b
n,s,c,v,t,e
b,f,w,s,f,e
b,f,w,s,f,e
b,s,w,s,f,e
b,f,w,a,f,e
b,s,c,s,t,c
n,s,w,v,t,b
n,s,c,y,f,e
n,s,c,s,t,e
b,y,c,y,t,r
b,y,c,s,t,r
b,s,w,a,f,e
b,s,c,v,t,b
b,f,w,a,f,e
b,s,c,s,t,c
b,f,w,s,f,e
n,s,c,s,t,e
b,s,c,v,t,b
b,f,w,a,f,e
b,s,c,v,t,b
b,s,c,y,t,b
b,f,w,a,f,e
b,y,c,s,t,r
b,s,w,s,f,e
b,s,c,s,t,c
n,s,w,v,t,b
b,f,w,s,f,e
b,s,c,n,t,c
b,s,w,s,f,e
b,f,w,a,f,e
n,s,w,v,t,b
b,s,w,s,f,e
b,f,w,s,f,e
n,s,c,s,t,e
n,s,w,v,t,b
b,s,c,s,t,c
b,s,w,a,f,e
b,s,c,v,t,b
b,y,c,s,t,r
b,f,w,a,f,e
n,s,c,v,t,e
b,s,c,s,t,c
b,s,c,y,t,b
b,y,c,s,t,r
b,s,w,a,f,e
n,s,c,y,f,e
n,s,c,v,t,e
b,s,w,s,f,e
b,y,c,s,t,r
b,s,w,a,f,e
n,s,c,v,t,e
b,s,c,n,t,c
b,f,w,s,f,e
b,s,c,n,t,c
b,f,w,s,f,e
b,s,c,n,t,c
b,s,c,n,t,c
n,s,c,v,t,e
b,s,c,s,t,c
n,s,c,y,f,e
b,y,c,y,t,r
b,f,w,a,f,e
n,s,w,v,t,b
b,f,w,a,f,e
n,s,c,v,t,e
b,s,w,a,f,e
b,s,w,a,f,e
b,s,w,s,f,e
n,s,c,s,t,e
b,f,w,a,f,e
b,s,w,s,f,e
b,s,w,s,f,e
n,s,c,s,t,e
b,f,w,a,f,e
b,s,w,a,f,e
n,s,c,v,t,e
b,f,w,a,f,e
b,s,c,n,t,c
b,f,w,a,f,e
b,s,w,a,f,e
n,s,c,s,t,e
b,y,c,s,t,r
b,s,w,a,f,e
b,y,c,s,t,r
b,s,w,s,f,e
b,f,w,s,f,e
b,f,w,s,f,e
b,s,w,s,f,e
b,s,w,s,f,e
b,s,w,s,f,e
b,f,w,a,f,e
b,f,w,s,f,e
b,s,c,v,t,b
n,s,w,v,t,b
b,s,w,s,f,e
b,s,w,a,f,e
b,s,c,n,t,c
b,f,w,a,f,e
b,f,w,a,f,e
n,s,c,v,t,e
b,s,w,a,f,e
n,s,c,s,t,e
b,f,w,s,f,e
b,s,c,n,t,c
b,s,w,s,f,e
b,s,c,y,t,b
b,s,c,s,t,c
b,s,w,a,f,e
b,s,w,a,f,e
b,s,w,a,f,e
b,s,c,v,t,b
b,f,w,s,f,e
b,f,w,a,f,e
b,f,w,a,f,e
b,s,w,s,f,e
b,s,w,s,f,e
b,s,w,a,f,e
b,f,w,a,f,e
b,s,w,a,f,e
b,f,w,a,f,e
b,y,c,y,t,r
n,s,c,v,t,e
b,s,w,a,f,e
n,s,c,v,t,e
b,s,c,s,t,c
b,s,w,s,f,e
b,f,w,a,f,e
b,f,w,s,f,e
b,f,w,s,f,e
b,s,c,n,t,c
b,s,w,s,f,e
b,s,c,v,t,b
b,y,c,s,t,r
b,f,w,s,f,e
b,s,c,n,t,c
n,s,c,v,t,e
b,s,c,y,t,b
b,s,w,s,f,e
b,s,c,n,t,c
b,s,w,s,f,e
b,s,c,v,t,b
b,f,w,a,f,e
n,s,c,v,f,e
n,s,c,v,f,e
n,s,c,y,f,e
b,s,c,s,t,c
n,s,c,v,f,e
b,f,w,a,f,e
b,y,c,s,t,r
b,y,c,y,t,r
b,y,c,y,t,r
b,s,w,a,f,e
b,s,c,n,t,c
b,s,c,s,t,c
b,f,w,a,f,e
b,s,w,a,f,e
n,s,c,v,t,e
b,s,c,s,t,c
b,s,w,s,f,e
b,f,w,s,f,e
b,s,c,s,t,c
b,s,c,v,t,b
b,y,c,s,t,r
b,s,c,n,t,c
n,s,c,s,t,e
b,s,w,s,f,e
b,s,c,n,t,c
b,s,c,n,t,c
b,s,c,s,t,c
b,s,c,n,t,c
b,s,c,n,t,c
b,s,c,n,t,c
b,s,w,s,f,e
n,s,c,s,t,e
b,s,w,a,f,e
b,s,w,a,f,e
n,s,c,s,t,e
b,s,w,a,f,e
b,s,w,s,f,e
b,f,w,a,f,e
b,s,w,a,f,e
b,y,c,y,t,r
b,f,w,a,f,e
b,s,w,a,f,e
n,s,c,v,t,e
b,f,w,a,f,e
b,s,w,s,f,e
b,f,w,a,f,e
b,f,w,s,f,e
b,y,c,s,t,r
b,f,w,s,f,e
b,f,w,a,f,e
b,f,w,s,f,e
b,s,w,a,f,e
b,s,w,s,f,e
b,s,c,v,t,b
b,s,w,a,f,e
n,s,c,v,t,e
b,s,c,y,t,b
b,f,w,s,f,e
n,s,c,s,t,e
b,s,w,a,f,e
b,f,w,a,f,e
b,f,w,a,f,e
b,f,w,a,f,e
b,s,w,a,f,e
b,f,w,s,f,e
b,f,w,s,f,e
b,f,w,s,f,e
n,s,c,v,t,e
b,f,w,a,f,e
n,s,c,s,t,e
n,s,c,s,t,e
b,f,w,s,f,e
b,s,w,a,f,e
b,s,w,a,f,e
b,s,w,a,f,e
b,s,w,a,f,e
b,s,w,a,f,e
b,s,c,y,t,b
b,s,c,v,t,b
b,f,w,a,f,e
n,s,c,v,t,e
n,s,c,s,t,e
b,s,w,a,f,e
n,s,c,s,t,e
b,f,w,s,f,e
b,s,w,a,f,e
n,s,c,v,t,e
n,s,c,v,t,e
n,s,c,v,t,e
n,s,c,s,t,e
b,f,w,a,f,e
b,s,c,v,t,b
b,f,w,a,f,e
b,s,w,a,f,e
n,s,c,v,t,e
b,f,w,s,f,e
b,s,c,y,t,b
b,s,w,s,f,e
b,f,w,s,f,e
n,s,c,s,t,e
b,s,w,a,f,e
b,s,w,s,f,e
n,s,c,s,t,e
b,f,w,a,f,e
b,s,w,s,f,e
b,s,w,s,f,e
b,s,w,s,f,e
b,s,c,n,t,c
b,s,w,a,f,e
b,f,w,s,f,e
b,s,w,s,f,e
b,s,w,a,f,e
b,f,w,a,f,e
n,s,c,s,t,e
b,s,w,s,f,e
b,s,c,y,t,b
b,f,w,a,f,e
b,s,c,v,t,b
b,s,w,a,f,e
b,f,w,a,f,e
n,s,c,v,t,e
n,s,c,v,t,e
b,s,w,a,f,e
b,s,c,v,t,b
b,f,w,s,f,e
b,y,c,s,t,r
b,s,w,a,f,e
b,s,w,a,f,e
b,s,w,a,f,e
b,f,w,s,f,e
b,s,c,y,t,b
b,f,w,a,f,e
b,s,w,s,f,e
b,s,w,s,f,e
b,f,w,s,f,e
b,s,w,a,f,e
b,s,w,s,f,e
b,f,w,s,f,e
b,f,w,a,f,e
n,s,c,s,t,e
b,s,w,a,f,e
b,s,c,n,t,c
b,f,w,s,f,e
b,s,w,s,f,e
b,s,c,y,t,b
b,s,c,s,t,c
b,s,w,s,f,e
b,s,c,y,t,b
n,s,c,s,t,e
b,s,w,s,f,e
n,s,c,s,t,e
b,s,w,a,f,e
b,f,w,a,f,e
b,s,c,n,t,c
b,f,w,a,f,e
b,f,w,a,f,e
b,f,w,s,f,e
b,s,w,s,f,e
b,s,w,a,f,e
n,s,c,v,t,e
b,f,w,a,f,e
b,s,w,a,f,e
b,s,c,y,t,b
b,f,w,a,f,e
b,s,c,y,t,b
b,s,c,n,t,c
b,s,w,s,f,e
b,f,w,a,f,e
b,s,w,a,f,e
n,s,c,s,t,e
b,s,c,y,t,b
b,s,w,s,f,e
b,f,w,a,f,e
n,s,c,v,t,e
b,f,w,s,f,e
b,s,c,y,t,b
b,s,c,v,t,b
b,s,c,v,t,b
b,f,w,s,f,e
b,f,w,s,f,e
b,f,w,a,f,e
b,f,w,a,f,e
b,f,w,a,f,e
b,f,w,s,f,e
b,s,w,a,f,e
b,s,w,a,f,e
b,s,w,s,f,e
b,s,w,a,f,e
n,s,c,v,t,e
b,s,w,a,f,e
b,f,w,s,f,e
b,f,w,a,f,e
b,f,w,s,f,e
b,f,w,a,f,e
b,s,w,a,f,e
b,s,c,v,t,b
b,s,w,a,f,e
b,f,w,s,f,e
b,s,w,s,f,e
b,f,w,s,f,e
b,s,c,s,t,c
n,s,c,s,t,e
n,s,c,v,t,e
b,f,w,s,f,e
b,s,w,s,f,e
n,s,c,s,t,e
b,f,w,s,f,e
n,s,c,v,t,e
b,s,w,a,f,e
n,s,c,v,t,e
b,s,w,a,f,e
b,f,w,a,f,e
b,f,w,a,f,e
b,s,w,s,f,e
b,s,c,v,t,b
b,s,c,v,t,b
b,f,w,s,f,e
b,s,c,y,t,b
b,s,w,s,f,e
b,f,w,a,f,e
b,s,w,s,f,e
b,f,w,s,f,e
b,s,c,y,t,b
b,f,w,s,f,e
b,s,w,s,f,e
b,f,w,s,f,e
n,s,c,s,t,e
b,f,w,s,f,e
b,y,c,y,t,r
b,s,c,y,t,b
b,s,w,a,f,e
b,s,w,a,f,e
n,s,c,s,t,e
b,f,w,a,f,e
b,s,w,a,f,e
b,s,w,a,f,e
b,s,w,s,f,e
b,f,w,s,f,e
b,f,w,s,f,e
b,f,w,a,f,e
b,f,w,a,f,e
b,s,w,a,f,e
b,f,w,a,f,e
b,s,c,s,t,c
b,s,w,a,f,e
b,f,w,s,f,e
b,s,w,a,f,e
n,s,c,s,t,e
b,f,w,s,f,e
b,s,c,v,t,b
b,s,w,s,f,e
b,f,w,a,f,e
b,s,w,a,f,e
b,s,w,s,f,e
b,f,w,s,f,e
b,y,c,s,t,r
n,s,c,v,t,e
b,f,w,s,f,e
b,s,c,v,t,b
n,s,c,s,t,e
n,s,c,s,t,e
n,s,c,s,t,e
b,s,c,y,t,b
b,s,c,n,t,c
n,s,c,s,t,e
b,f,w,a,f,e
b,s,w,s,f,e
b,s,c,y,t,b
b,s,w,a,f,e
b,s,w,s,f,e
b,f,w,s,f,e
n,s,c,s,t,e
n,s,c,v,t,e
b,f,w,s,f,e
b,f,w,s,f,e
b,s,c,v,t,b
b,s,w,s,f,e
b,s,w,a,f,e
n,s,c,v,t,e
b,f,w,a,f,e
n,s,c,v,t,e
b,f,w,a,f,e
b,f,w,s,f,e
b,s,w,a,f,e
b,s,c,y,t,b
b,s,w,s,f,e
n,s,c,s,t,e
b,s,c,v,t,b
b,f,w,s,f,e
b,s,w,s,f,e
n,s,w,v,t,b
b,f,w,s,f,e
b,s,c,v,t,b
b,s,c,y,t,b
n,s,w,v,t,b
b,s,w,a,f,e
b,s,w,s,f,e
b,s,c,y,t,b
b,f,w,a,f,e
n,s,c,v,t,e
b,f,w,s,f,e
b,s,w,a,f,e
b,f,w,s,f,e
b,f,w,a,f,e
b,f,w,a,f,e
n,s,c,s,t,e
b,s,w,s,f,e
b,f,w,a,f,e
b,s,w,s,f,e
b,s,w,s,f,e
b,s,w,a,f,e
b,y,c,y,t,r
n,s,c,v,t,e
b,f,w,a,f,e
b,f,w,s,f,e
b,f,w,s,f,e
n,s,c,s,t,e
b,s,w,s,f,e
n,s,c,s,t,e
b,s,w,s,f,e
b,s,w,s,f,e
b,s,w,a,f,e
b,s,w,s,f,e
b,f,w,s,f,e
b,f,w,s,f,e
b,f,w,a,f,e
b,f,w,s,f,e
b,s,w,a,f,e
b,s,c,n,t,c
b,f,w,s,f,e
b,s,w,a,f,e
b,f,w,a,f,e
b,s,c,y,t,b
n,s,c,s,t,e
b,s,c,y,t,b
b,f,w,a,f,e
b,s,c,y,t,b
b,s,w,a,f,e
b,s,w,s,f,e
b,s,w,a,f,e
b,s,c,s,t,c
n,s,w,v,t,b
b,f,w,a,f,e
b,f,w,a,f,e
b,f,w,s,f,e
b,s,c,s,t,c
b,f,w,s,f,e
b,s,c,s,t,c
b,f,w,s,f,e
b,s,w,a,f,e
b,f,w,s,f,e
b,f,w,a,f,e
b,f,w,s,f,e
b,s,c,y,t,b
b,f,w,s,f,e
b,s,c,n,t,c
b,f,w,a,f,e
n,s,c,s,t,e
b,s,w,s,f,e
n,s,c,s,t,e
b,s,w,s,f,e
b,f,w,s,f,e
n,s,c,s,t,e
b,f,w,a,f,e
n,s,c,s,t,e
b,f,w,s,f,e
b,s,w,s,f,e
n,s,c,v,t,e
b,s,w,a,f,e
b,s,w,a,f,e
b,f,w,s,f,e
b,s,w,a,f,e
b,s,c,y,t,b
n,s,c,s,t,e
b,s,w,s,f,e
b,y,c,y,t,r
b,s,w,a,f,e
b,f,w,a,f,e
b,s,c,n,t,c
b,f,w,a,f,e
b,f,w,a,f,e
b,s,w,a,f,e
n,s,c,s,t,e
b,f,w,a,f,e
b,s,c,n,t,c
b,f,w,a,f,e
b,f,w,s,f,e
b,s,w,a,f,e
b,f,w,s,f,e
b,s,w,a,f,e
b,s,c,v,t,b
b,s,c,n,t,c
b,s,c,v,t,b
n,s,c,s,t,e
b,s,w,a,f,e
n,s,c,v,t,e
b,f,w,a,f,e
b,f,w,a,f,e
b,f,w,a,f,e
b,s,w,a,f,e
b,f,w,s,f,e
b,s,c,s,t,c
b,f,w,a,f,e
b,s,w,s,f,e
n,s,c,v,t,e
b,f,w,a,f,e
n,s,c,s,t,e
b,s,w,a,f,e
b,s,c,v,t,b
b,f,w,s,f,e
n,s,c,v,t,e
b,f,w,s,f,e
n,s,c,v,t,e
b,s,c,v,t,b
b,s,w,s,f,e
b,y,c,s,t,r
b,f,w,s,f,e
b,f,w,a,f,e
b,s,w,s,f,e
b,f,w,s,f,e
b,f,w,a,f,e
b,f,w,s,f,e
b,f,w,a,f,e
b,s,c,v,t,b
b,s,w,a,f,e
b,s,w,s,f,e
b,y,c,s,t,r
b,s,c,y,t,b
b,f,w,a,f,e
b,f,w,s,f,e
b,f,w,a,f,e
b,s,w,s,f,e
b,f,w,a,f,e
b,s,w,a,f,e
b,s,w,s,f,e
b,s,c,y,t,b
b,f,w,s,f,e
b,s,w,a,f,e
b,f,w,a,f,e
n,s,c,y,f,e
n,s,c,s,t,e
n,s,c,v,t,e
b,s,c,v,t,b
b,s,w,a,f,e
b,s,w,a,f,e
b,s,w,s,f,e
b,f,w,s,f,e
b,s,w,s,f,e
b,f,w,a,f,e
b,f,w,s,f,e
b,f,w,a,f,e
b,s,c,v,t,b
n,s,c,v,t,e
b,s,w,s,f,e
b,s,c,v,t,b
n,s,c,s,t,e
n,s,c,v,t,e
n,s,c,s,t,e
b,f,w,a,f,e
b,s,w,s,f,e
b,f,w,a,f,e
b,f,w,a,f,e
b,f,w,a,f,e
n,s,c,v,t,e
n,s,c,v,t,e
b,f,w,a,f,e
b,s,w,a,f,e
b,f,w,s,f,e
b,s,c,v,t,b
b,s,c,v,t,b
b,s,w,a,f,e
b,s,w,s,f,e
b,f,w,a,f,e
b,s,c,n,t,c
b,f,w,a,f,e
b,f,w,s,f,e
b,s,w,s,f,e
b,s,w,a,f,e
b,s,w,s,f,e
b,f,w,s,f,e
b,s,w,s,f,e
b,f,w,s,f,e
b,s,w,s,f,e
b,f,w,a,f,e
b,s,w,s,f,e
b,s,w,s,f,e
b,s,w,a,f,e
b,s,w,s,f,e
b,f,w,a,f,e
b,s,c,n,t,c
b,s,c,n,t,c
b,f,w,a,f,e
n,s,c,s,t,e
b,f,w,s,f,e
n,s,c,s,t,e
b,s,c,v,t,b
n,s,c,v,t,e
b,s,c,s,t,c
b,s,c,n,t,c
b,y,c,y,t,r
b,f,w,s,f,e
b,s,w,s,f,e
b,s,w,a,f,e
b,s,w,a,f,e
b,f,w,s,f,e
b,s,w,a,f,e
b,f,w,s,f,e
b,s,c,n,t,c
b,s,w,s,f,e
b,s,c,s,t,c
n,s,c,v,t,e
b,f,w,s,f,e
b,f,w,s,f,e
b,s,w,s,f,e
b,s,w,s,f,e
b,s,c,y,t,b
b,s,c,y,t,b
b,y,c,y,t,r
b,s,c,y,t,b
b,f,w,a,f,e
b,s,w,s,f,e
b,f,w,a,f,e
b,s,w,a,f,e
b,f,w,s,f,e
b,s,w,a,f,e
b,s,w,a,f,e
b,f,w,a,f,e
b,s,c,y,t,b
b,s,w,s,f,e
b,s,w,s,f,e
n,s,c,s,t,e
b,s,c,y,t,b
b,f,w,s,f,e
b,f,w,s,f,e
n,s,c,v,t,e
b,s,w,s,f,e
b,s,c,v,t,b
b,f,w,a,f,e
b,f,w,s,f,e
b,s,c,v,t,b
b,f,w,a,f,e
b,f,w,a,f,e
b,s,c,y,t,b
b,s,c,n,t,c
b,s,c,n,t,c
b,s,w,s,f,e
b,s,w,a,f,e
b,f,w,s,f,e
b,s,w,a,f,e
b,f,w,a,f,e
b,f,w,s,f,e
b,s,c,n,t,c
n,s,c,v,t,e
b,f,w,a,f,e
b,s,w,s,f,e
b,y,c,s,t,r
b,f,w,a,f,e
b,s,w,a,f,e
n,s,c,v,t,e
b,f,w,a,f,e
b,s,w,s,f,e
n,s,c,v,t,e
b,s,w,a,f,e
b,s,w,a,f,e
b,s,c,v,t,b
b,s,w,s,f,e
n,s,c,v,t,e
b,f,w,a,f,e
b,s,w,s,f,e
b,f,w,s,f,e
b,f,w,a,f,e
b,y,c,y,t,r
n,s,c,s,t,e
b,s,w,a,f,e
n,s,c,y,f,e
n,s,c,s,t,e
b,f,w,s,f,e
b,f,w,s,f,e
b,y,c,y,t,r
b,f,w,s,f,e
b,f,w,a,f,e
n,s,c,s,t,e
b,s,w,s,f,e
b,s,w,s,f,e
b,s,w,s,f,e
b,s,c,v,t,b
b,f,w,s,f,e
b,s,w,a,f,e
b,f,w,s,f,e
b,s,w,s,f,e
b,s,c,y,t,b
b,f,w,s,f,e
n,s,c,s,t,e
b,f,w,a,f,e
b,s,w,s,f,e
b,s,c,v,t,b
b,y,c,y,t,r
b,f,w,a,f,e
b,s,w,a,f,e
b,s,w,a,f,e
b,s,c,s,t,c
b,s,c,y,t,b
b,s,w,a,f,e
b,s,w,a,f,e
n,s,c,s,t,e
n,s,c,v,t,e
b,s,w,a,f,e
n,s,c,v,f,e
b,f,w,s,f,e
b,s,w,a,f,e
n,s,c,s,t,e
b,s,c,s,t,c
b,f,w,a,f,e
n,s,c,s,t,e
b,f,w,a,f,e
b,f,w,s,f,e
b,s,w,s,f,e
n,s,c,v,t,e
b,f,w,a,f,e
b,s,w,a,f,e
b,s,w,s,f,e
b,f,w,a,f,e
n,s,c,v,t,e
b,f,w,s,f,e
b,s,w,a,f,e
n,s,c,v,t,e
b,f,w,a,f,e
b,s,c,v,t,b
b,f,w,a,f,e
b,s,c,v,t,b
b,s,c,v,t,b
b,s,c,y,t,b
b,s,c,v,t,b
b,s,w,s,f,e
b,s,c,y,t,b
b,s,c,y,t,b
b,s,w,s,f,e
n,s,c,s,t,e
b,s,c,v,t,b
n,s,c,v,t,e
b,s,c,s,t,c
b,s,w,a,f,e
b,s,c,s,t,c
b,k,c,y,f,b
b,s,w,a,f,e
b,f,w,s,f,e
b,s,c,v,t,b
b,s,w,s,f,e
b,f,w,s,f,e
n,s,c,v,t,e
b,s,c,y,t,b
b,s,c,n,t,c
b,s,w,s,f,e
b,s,c,v,t,b
b,s,w,s,f,e
b,s,w,a,f,e
b,s,c,v,t,b
b,s,c,y,t,b
b,s,c,v,t,b
b,s,w,a,f,e
b,s,c,v,t,b
b,s,c,v,t,b
b,s,c,v,t,b
b,s,c,y,t,b
b,f,w,s,f,e
b,s,c,y,t,b
b,f,w,s,f,e
b,s,w,a,f,e
b,s,w,a,f,e
b,s,c,v,t,b
n,s,c,s,t,e
b,s,c,v,t,b
b,f,w,s,f,e
b,s,w,a,f,e
b,s,c,v,t,b
b,s,c,v,t,b
b,s,c,v,t,b
b,s,c,v,t,b
b,s,w,a,f,e
b,s,c,v,t,b
b,s,c,v,t,b
b,s,c,y,t,b
b,s,c,y,t,b
n,s,w,v,t,b
b,s,c,v,t,b
n,s,c,v,t,e
b,f,w,s,f,e
b,s,c,y,t,b
b,s,c,v,t,b
b,s,w,a,f,e
b,s,c,y,t,b
b,s,w,s,f,e
b,s,c,y,t,b
b,s,c,v,t,b
b,s,w,a,f,e
b,f,w,a,f,e
b,s,w,s,f,e
b,f,w,s,f,e
b,s,c,y,t,b
b,f,w,a,f,e
b,s,w,a,f,e
b,s,c,v,t,b
b,s,c,y,t,b
b,s,c,v,t,b
b,s,c,y,t,b
b,s,w,s,f,e
b,s,w,a,f,e
b,f,w,a,f,e
b,s,w,a,f,e
b,s,c,v,t,b
b,s,c,y,t,b
b,s,c,v,t,b
n,s,w,v,t,b
b,f,w,a,f,e
n,s,c,s,t,e
b,s,c,v,t,b
b,s,c,v,t,b
b,f,w,a,f,e
b,f,w,a,f,e
b,s,w,a,f,e
b,s,w,a,f,e
b,s,w,a,f,e
b,s,c,v,t,b
b,s,c,y,t,b
b,f,w,s,f,e
b,f,w,a,f,e
b,s,w,s,f,e
b,s,c,y,t,b
b,f,w,a,f,e
b,f,w,a,f,e
b,s,w,s,f,e
b,s,w,s,f,e
b,s,w,a,f,e
b,f,w,a,f,e
b,s,c,v,t,b
b,f,w,a,f,e
b,f,w,s,f,e
b,s,c,v,t,b
b,s,c,v,t,b
b,s,c,v,t,b
b,s,w,s,f,e
b,s,w,a,f,e
b,y,c,y,t,r
n,s,c,v,t,e
b,f,w,a,f,e
b,f,w,s,f,e
b,s,c,v,t,b
b,s,c,y,t,b
b,s,w,a,f,e
b,s,w,s,f,e
b,f,w,s,f,e
b,s,c,v,t,b
b,s,c,v,t,b
b,f,w,s,f,e
b,f,w,a,f,e
b,f,w,s,f,e
b,s,w,s,f,e
n,s,c,s,t,e
b,s,c,s,t,c
b,s,c,v,t,b
b,f,w,a,f,e
b,s,w,s,f,e
b,f,w,s,f,e
n,s,w,v,t,b
b,s,w,a,f,e
b,s,w,a,f,e
b,s,w,s,f,e
b,s,c,v,t,b
b,s,c,v,t,b
b,s,c,v,t,b
b,s,w,s,f,e
b,s,w,s,f,e
n,s,c,v,t,e
b,f,w,s,f,e
b,s,c,y,t,b
b,s,c,v,t,b
b,s,w,a,f,e
b,s,c,v,t,b
b,s,c,v,t,b
b,s,c,y,t,b
b,s,c,v,t,b
b,s,c,v,t,b
n,s,c,v,t,e
b,s,w,s,f,e
b,s,c,v,t,b
b,s,c,y,t,b
n,s,c,s,t,e
b,s,c,y,t,b
b,f,w,s,f,e
b,s,c,v,t,b
b,s,w,s,f,e
b,f,w,a,f,e
b,s,w,s,f,e
b,s,c,v,t,b
b,f,w,s,f,e
b,s,c,v,t,b
b,s,w,s,f,e
b,f,w,a,f,e
b,f,w,s,f,e
n,s,c,v,t,e
b,s,c,y,t,b
b,s,w,s,f,e
n,s,c,s,t,e
b,s,c,v,t,b
b,s,c,y,t,b
b,f,w,a,f,e
b,s,c,v,t,b
b,s,w,s,f,e
b,f,w,s,f,e
b,s,c,n,t,c
b,s,w,s,f,e
b,s,c,v,t,b
b,s,c,y,t,b
b,s,w,a,f,e
n,s,c,s,t,e
b,s,c,v,t,b
n,s,c,s,t,e
n,s,c,v,t,e
b,s,c,v,t,b
b,f,w,a,f,e
b,s,c,y,t,b
b,f,w,a,f,e
b,s,c,y,t,b
b,s,w,s,f,e
b,f,w,a,f,e
b,f,w,a,f,e
b,f,w,s,f,e
b,s,c,v,t,b
b,s,c,v,t,b
b,f,w,a,f,e
b,s,c,y,t,b
n,s,c,v,t,e
b,y,c,s,t,r
n,s,c,s,t,e
b,s,w,s,f,e
b,f,w,a,f,e
n,s,c,v,t,e
b,f,w,a,f,e
b,f,w,s,f,e
b,s,c,v,t,b
b,s,w,a,f,e
b,s,w,s,f,e
b,s,w,a,f,e
b,s,w,s,f,e
n,s,w,v,t,b
n,s,w,v,t,b
b,f,w,a,f,e
b,s,c,y,t,b
b,s,c,y,t,b
b,s,c,y,t,b
b,f,w,s,f,e
b,s,c,y,t,b
b,s,c,v,t,b
b,s,w,a,f,e
b,s,c,v,t,b
b,f,w,a,f,e
b,s,c,s,t,c
b,s,c,v,t,b
b,f,w,s,f,e
b,s,c,y,t,b
b,s,c,y,t,b
b,s,c,v,t,b
b,s,w,a,f,e
b,s,w,s,f,e
b,f,w,a,f,e
b,s,w,a,f,e
b,s,c,y,t,b
b,s,c,y,t,b
b,s,c,y,t,b
b,f,w,s,f,e
b,f,w,s,f,e
b,s,w,s,f,e
b,y,c,s,t,r
b,s,c,v,t,b
b,s,w,s,f,e
b,s,c,v,t,b
b,s,c,y,t,b
b,s,w,a,f,e
b,s,c,s,t,c
b,s,w,s,f,e
b,s,w,a,f,e
b,s,c,v,t,b
b,f,w,s,f,e
b,s,c,v,t,b
b,s,c,y,t,b
b,f,w,a,f,e
b,s,c,n,t,c
b,s,w,s,f,e
n,s,c,v,t,e
b,s,w,s,f,e
b,s,c,v,t,b
b,f,w,s,f,e
b,s,c,v,t,b
b,s,c,v,t,b
n,s,c,v,t,e
b,s,w,a,f,e
b,s,c,y,t,b
b,s,c,y,t,b
b,s,c,v,t,b
b,s,c,y,t,b
b,s,c,y,t,b
n,s,c,v,t,e
b,s,c,n,t,c
b,s,c,v,t,b
b,s,c,y,t,b
b,f,w,s,f,e
b,s,c,y,t,b
b,s,w,s,f,e
b,s,w,s,f,e
b,s,c,v,t,b
b,s,c,v,t,b
b,f,w,s,f,e
b,s,w,s,f,e
b,f,w,s,f,e
b,s,c,y,t,b
b,s,c,y,t,b
n,s,c,s,t,e
b,s,c,v,t,b
b,f,w,a,f,e
b,s,c,s,t,c
b,f,w,s,f,e
b,f,w,s,f,e
b,s,c,y,t,b
b,s,c,v,t,b
b,s,w,s,f,e
n,s,c,s,t,e
b,s,w,a,f,e
b,s,c,y,t,b
b,s,c,v,t,b
b,s,c,v,t,b
b,s,c,y,t,b
b,s,c,y,t,b
b,s,c,y,t,b
b,s,c,v,t,b
b,s,c,y,t,b
b,s,c,v,t,b
b,s,c,v,t,b
b,s,c,v,t,b
b,s,c,v,t,b
n,s,c,v,t,e
b,s,c,v,t,b
b,s,c,v,t,b
b,s,c,y,t,b
b,s,c,y,t,b
b,s,c,v,t,b
b,s,c,v,t,b
b,s,c,v,t,b
b,s,c,y,t,b
b,s,c,y,t,b
b,s,c,v,t,b
b,s,c,v,t,b
b,s,c,v,t,b
b,s,c,v,t,b
b,s,c,y,t,b
b,s,c,v,t,b
b,k,c,y,f,b
n,s,c,s,t,e
b,s,c,v,t,b
b,s,w,s,f,e
b,s,c,v,t,b
b,s,c,y,t,b
b,s,c,v,t,b
b,s,c,y,t,b
b,s,c,v,t,b
b,s,c,v,t,b
b,s,c,y,t,b
b,s,c,y,t,b
b,s,c,v,t,b
b,s,c,v,t,b
b,s,c,y,t,b
b,s,c,y,t,b
b,s,c,v,t,b
b,s,c,v,t,b
b,s,c,v,t,b
n,s,c,v,t,e
b,s,c,y,t,b
n,s,c,s,t,e
b,s,c,y,t,b
b,s,c,y,t,b
b,s,c,v,t,b
b,s,c,v,t,b
b,s,c,y,t,b
b,s,c,v,t,b
b,s,c,y,t,b
b,s,c,v,t,b
b,s,c,y,t,b
b,s,c,v,t,b
b,s,c,y,t,b
b,s,c,y,t,b
b,s,c,v,t,b
b,s,c,y,t,b
b,s,c,y,t,b
b,s,c,y,t,b
b,s,c,y,t,b
b,s,c,y,t,b
b,s,c,y,t,b
b,s,c,v,t,b
b,s,c,v,t,b
b,s,c,v,t,b
b,s,c,v,t,b
b,s,c,v,t,b
b,s,c,y,t,b
b,s,c,v,t,b
b,s,c,y,t,b
b,s,c,v,t,b
b,k,c,y,f,b
b,s,c,y,t,b
b,s,c,y,t,b
b,s,c,v,t,b
b,s,c,y,t,b
b,s,c,v,t,b
b,s,c,v,t,b
b,s,c,y,t,b
b,s,c,y,t,b
b,s,c,y,t,b
b,s,c,v,t,b
b,s,c,v,t,b
b,s,c,v,t,b
b,s,c,y,t,b
b,s,w,s,f,e
b,s,c,y,t,b
b,s,c,y,t,b
b,s,c,v,t,b
b,s,c,v,t,b
b,s,c,y,t,b
b,s,c,v,t,b
b,s,c,y,t,b
b,f,w,a,f,e
b,s,c,y,t,b
b,s,c,v,t,b
b,s,c,y,t,b
b,s,c,y,t,b
b,s,c,v,t,b
b,s,c,v,t,b
b,s,c,y,t,b
b,s,c,y,t,b
b,s,c,v,t,b
n,s,w,s,f,b
b,s,c,y,t,b
b,s,c,v,t,b
b,s,c,y,t,b
b,s,c,v,t,b
b,s,c,v,t,b
b,s,c,y,t,b
b,s,c,v,t,b
b,s,c,v,t,b
b,s,c,v,t,b
b,s,c,v,t,b
b,s,c,v,t,b
b,s,c,v,t,b
b,s,c,v,t,b
b,s,c,y,t,b
b,s,c,v,t,b
b,s,c,y,t,b
b,f,w,s,f,e
b,s,c,y,t,b
b,s,c,v,t,b
b,s,c,v,t,b
b,s,c,v,t,b
b,s,c,y,t,b
b,s,c,v,t,b
b,s,c,v,t,b
b,s,c,y,t,b
b,s,c,y,t,b
b,f,w,s,f,e
b,k,c,y,f,b
b,s,c,y,t,b
b,s,c,y,t,b
n,s,c,v,t,e
b,s,c,y,t,b
b,s,c,y,t,b
b,s,c,v,t,b
b,s,c,v,t,b
b,s,c,v,t,b
b,f,w,a,f,e
b,s,c,y,t,b
b,s,c,y,t,b
b,s,c,y,t,b
b,s,c,y,t,b
b,f,w,s,f,e
b,s,c,v,t,b
b,s,c,v,t,b
b,s,c,y,t,b
b,s,c,y,t,b
b,s,c,v,t,b
b,s,c,v,t,b
b,s,c,v,t,b
b,s,w,a,f,e
b,s,c,y,t,b
b,s,c,y,t,b
b,s,c,y,t,b
b,s,c,y,t,b
b,s,c,y,t,b
b,f,w,a,f,e
b,s,c,v,t,b
b,s,c,y,t,b
b,s,c,v,t,b
b,s,c,v,t,b
b,f,w,s,f,e
b,s,c,v,t,b
b,s,c,y,t,b
b,s,c,v,t,b
b,s,c,y,t,b
b,s,c,y,t,b
b,s,c,y,t,b
b,s,c,v,t,b
b,s,c,v,t,b
b,s,c,y,t,b
b,s,c,y,t,b
b,s,c,v,t,b
b,s,c,y,t,b
b,s,c,y,t,b
n,s,w,v,f,b
b,s,c,y,t,b
b,s,c,y,t,b
n,s,c,s,t,e
b,s,c,y,t,b
b,s,c,y,t,b
b,s,c,v,t,b
b,s,c,v,t,b
b,s,c,v,t,b
b,s,c,y,t,b
b,s,w,s,f,e
b,s,c,v,t,b
b,f,w,s,f,e
b,s,c,y,t,b
b,s,c,v,t,b
b,s,c,v,t,b
b,s,c,v,t,b
b,s,c,v,t,b
b,s,c,y,t,b
b,s,c,v,t,b
b,s,c,y,t,b
b,s,c,v,t,b
b,s,c,v,t,b
b,s,c,y,t,b
b,s,c,v,t,b
b,s,c,y,t,b
b,s,c,v,t,b
b,s,c,y,t,b
b,s,c,v,t,b
b,s,c,y,t,b
b,s,c,v,t,b
b,s,c,v,t,b
b,s,c,y,t,b
b,s,c,y,t,b
b,s,c,v,t,b
b,s,c,y,t,b
b,s,c,v,t,b
b,s,c,y,t,b
b,s,c,y,t,b
b,s,c,y,t,b
b,s,c,v,t,b
b,s,c,y,t,b
b,s,c,v,t,b
b,s,c,v,t,b
b,s,c,y,t,b
b,s,c,v,t,b
b,s,c,v,t,b
b,s,c,y,t,b
b,s,c,y,t,b
b,s,c,y,t,b
b,s,c,v,t,b
b,s,c,v,t,b
b,s,c,v,t,b
b,s,c,y,t,b
b,s,c,y,t,b
b,s,c,v,t,b
b,s,c,y,t,b
b,s,c,v,t,b
b,s,c,v,t,b
b,s,c,y,t,b
b,s,c,v,t,b
b,f,w,s,f,e
b,s,c,y,t,b
b,f,w,s,f,e
b,s,c,y,t,b
b,s,c,y,t,b
n,s,c,s,t,e
b,s,c,v,t,b
b,s,c,y,t,b
b,s,c,y,t,b
b,s,c,v,t,b
b,s,c,v,t,b
b,s,c,y,t,b
b,s,c,y,t,b
b,s,c,v,t,b
b,s,c,y,t,b
b,s,c,y,t,b
b,s,c,y,t,b
b,s,c,y,t,b
b,s,c,v,t,b
b,s,c,y,t,b
b,s,c,v,t,b
b,s,w,a,f,e
b,s,c,v,t,b
b,s,c,y,t,b
b,s,c,y,t,b
b,s,c,y,t,b
b,s,c,y,t,b
b,s,c,v,t,b
b,s,c,y,t,b
n,s,c,v,t,e
b,s,c,v,t,b
b,s,w,s,f,e
b,f,w,s,f,e
b,s,c,v,t,b
b,s,c,y,t,b
b,s,c,v,t,b
b,s,c,v,t,b
b,s,c,y,t,b
b,s,c,v,t,b
b,k,c,y,f,b
b,s,c,y,t,b
b,s,w,a,f,e
n,s,c,v,t,e
b,s,c,y,t,b
b,s,c,v,t,b
b,s,c,y,t,b
b,s,c,v,t,b
b,s,c,v,t,b
b,s,c,v,t,b
b,s,c,y,t,b
b,s,c,v,t,b
b,s,c,y,t,b
b,s,c,y,t,b
b,s,c,y,t,b
n,s,c,v,t,e
b,s,c,v,t,b
b,s,c,v,t,b
b,s,c,v,t,b
b,s,c,v,t,b
b,s,c,v,t,b
b,s,c,y,t,b
b,s,c,y,t,b
b,s,c,y,t,b
b,s,c,y,t,b
b,s,c,v,t,b
b,s,c,v,t,b
b,s,c,v,t,b
b,s,c,v,t,b
b,s,c,v,t,b
b,s,c,y,t,b
b,s,c,v,t,b
b,s,c,y,t,b
b,s,c,y,t,b
b,s,c,v,t,b
b,s,c,y,t,b
b,s,c,v,t,b
b,s,c,y,t,b
b,s,c,y,t,b
b,s,c,y,t,b
b,s,c,v,t,b
n,s,c,v,f,b
b,s,c,y,t,b
b,s,c,y,t,b
b,s,c,y,t,b
b,s,c,v,t,b
b,s,c,y,t,b
b,s,c,y,t,b
b,s,c,y,t,b
b,s,c,v,t,b
b,s,c,y,t,b
b,s,c,y,t,b
b,s,c,v,t,b
b,s,c,y,t,b
b,s,c,v,t,b
b,s,c,y,t,b
b,s,c,y,t,b
b,s,c,y,t,b
b,k,c,y,f,b
b,s,c,v,t,b
b,s,c,y,t,b
b,s,c,v,t,b
b,s,c,y,t,b
b,s,c,v,t,b
b,s,c,y,t,b
b,s,c,y,t,b
b,s,c,y,t,b
b,f,w,a,f,e
b,s,c,y,t,b
b,s,c,y,t,b
b,s,c,v,t,b
b,s,c,y,t,b
b,s,c,v,t,b
b,s,c,y,t,b
b,s,c,v,t,b
b,s,c,v,t,b
b,s,c,y,t,b
b,s,c,y,t,b
b,s,c,v,t,b
b,s,c,y,t,b
b,s,c,v,t,b
b,s,c,v,t,b
b,s,c,v,t,b
b,s,c,y,t,b
b,s,c,v,t,b
b,s,c,v,t,b
b,s,c,v,t,b
b,s,c,v,t,b
b,s,c,v,t,b
b,s,c,y,t,b
b,s,c,v,t,b
b,s,c,v,t,b
b,s,c,y,t,b
n,s,c,s,t,e
b,s,w,s,f,e
b,s,c,v,t,b
b,s,c,y,t,b
n,s,w,s,f,b
b,s,c,y,t,b
b,s,c,v,t,b
b,s,c,y,t,b
b,s,c,v,t,b
b,s,w,s,f,e
b,s,c,v,t,b
b,s,c,v,t,b
b,s,c,v,t,b
b,s,c,y,t,b
b,s,c,v,t,b
b,s,c,v,t,b
b,s,c,y,t,b
n,s,c,v,t,e
b,s,c,y,t,b
b,s,c,y,t,b
b,s,c,v,t,b
b,s,c,v,t,b
b,f,w,s,f,e
b,s,w,a,f,e
b,s,c,v,t,b
b,s,c,v,t,b
b,s,c,y,t,b
b,s,c,y,t,b
b,s,c,y,t,b
b,s,c,y,t,b
b,s,c,v,t,b
b,s,c,v,t,b
b,s,c,y,t,b
b,s,c,v,t,b
n,s,w,s,f,b
b,s,c,y,t,b
b,s,c,y,t,b
b,s,c,v,t,b
b,s,c,v,t,b
b,s,c,y,t,b
b,s,w,s,f,e
b,s,c,y,t,b
b,s,c,v,t,b
b,s,c,v,t,b
b,s,c,v,t,b
b,s,c,y,t,b
b,s,c,y,t,b
b,s,c,v,t,b
b,s,c,y,t,b
b,s,c,y,t,b
b,s,c,v,t,b
b,s,c,y,t,b
b,s,c,v,t,b
b,s,c,y,t,b
b,s,c,y,t,b
b,k,c,y,f,b
b,s,c,v,t,b
b,s,c,v,t,b
b,k,c,v,f,b
b,s,c,v,t,b
b,s,c,v,t,b
b,k,c,y,f,b
n,s,w,s,f,b
b,s,c,v,t,b
b,s,c,y,t,b
b,s,c,v,t,b
b,s,c,y,t,b
b,s,c,v,t,b
b,s,c,y,t,b
b,s,c,y,t,b
b,s,c,v,t,b
b,s,c,y,t,b
b,s,c,v,t,b
b,s,c,y,t,b
b,s,c,v,t,b
b,s,c,y,t,b
b,s,c,y,t,b
b,s,c,v,t,b
b,s,c,v,t,b
b,s,c,v,t,b
b,s,c,v,t,b
b,s,c,y,t,b
n,s,c,v,f,b
b,s,c,y,t,b
b,s,c,v,t,b
b,s,c,y,t,b
b,s,c,v,t,b
b,s,c,y,t,b
b,k,c,y,f,b
b,s,c,y,t,b
b,s,c,v,t,b
b,s,c,v,t,b
b,s,c,v,t,b
b,k,c,v,f,b
b,s,c,y,t,b
b,s,c,v,t,b
b,s,c,v,t,b
b,s,c,y,t,b
b,s,c,y,t,b
b,s,c,y,t,b
b,s,c,y,t,b
b,s,c,y,t,b
b,s,c,v,t,b
b,s,c,v,t,b
b,s,c,v,t,b
b,s,c,v,t,b
b,s,c,v,t,b
b,s,c,v,t,b
b,s,c,y,t,b
b,s,c,v,t,b
b,s,c,v,t,b
b,s,c,v,t,b
b,s,c,y,t,b
b,s,c,v,t,b
b,s,c,y,t,b
b,s,c,v,t,b
b,k,c,v,f,b
b,s,c,y,t,b
b,s,c,y,t,b
b,s,c,y,t,b
b,s,c,y,t,b
b,s,c,v,t,b
b,s,c,y,t,b
b,s,c,y,t,b
b,s,c,v,t,b
b,s,c,y,t,b
b,s,c,v,t,b
b,k,c,v,f,b
b,s,c,v,t,b
b,s,c,v,t,b
b,s,c,y,t,b
b,s,c,v,t,b
b,s,c,y,t,b
b,s,c,v,t,b
b,s,c,y,t,b
b,s,c,y,t,b
b,s,c,v,t,b
b,s,c,y,t,b
b,s,c,y,t,b
b,s,c,y,t,b
b,s,c,y,t,b
b,s,c,y,t,b
b,s,c,v,t,b
b,s,c,v,t,b
b,s,c,y,t,b
b,s,c,y,t,b
b,s,c,v,t,b
b,s,c,v,t,b
b,s,c,v,t,b
n,s,c,v,f,b
b,s,c,v,t,b
b,s,c,y,t,b
b,f,w,a,f,e
b,s,c,v,t,b
b,s,c,y,t,b
b,s,c,v,t,b
b,s,c,v,t,b
b,s,c,v,t,b
b,s,c,y,t,b
b,s,c,v,t,b
b,s,c,v,t,b
b,s,c,v,t,b
b,s,c,y,t,b
b,s,c,v,t,b
b,s,c,v,t,b
b,s,c,v,t,b
b,s,c,y,t,b
b,s,c,y,t,b
b,s,c,y,t,b
b,f,w,s,f,e
b,s,c,v,t,b
b,s,c,y,t,b
b,s,c,y,t,b
b,s,c,v,t,b
b,s,c,y,t,b
b,s,c,y,t,b
b,s,c,v,t,b
b,s,c,v,t,b
b,s,c,y,t,b
b,s,c,v,t,b
b,s,c,v,t,b
b,s,c,y,t,b
b,s,c,v,t,b
b,s,c,v,t,b
b,s,c,y,t,b
b,s,c,v,t,b
b,s,c,v,t,b
b,s,c,y,t,b
b,s,c,v,t,b
b,s,c,y,t,b
b,s,c,y,t,b
b,s,c,y,t,b
b,s,c,v,t,b
b,s,c,y,t,b
b,s,c,v,t,b
b,s,c,y,t,b
b,s,c,v,t,b
b,s,c,v,t,b
b,s,c,v,t,b
b,s,c,v,t,b
b,s,c,y,t,b
b,s,c,y,t,b
b,s,c,v,t,b
b,s,c,y,t,b
b,s,c,v,t,b
n,s,c,v,f,b
b,s,c,y,t,b
b,s,c,v,t,b
b,s,c,y,t,b
b,s,c,v,t,b
b,s,c,y,t,b
b,s,c,v,t,b
b,s,w,a,f,e
b,s,c,y,t,b
b,s,c,v,t,b
b,s,c,v,t,b
b,s,c,v,t,b
b,s,c,y,t,b
b,s,c,y,t,b
b,k,c,y,f,b
b,s,c,v,t,b
b,s,c,v,t,b
b,s,c,v,t,b
b,s,c,y,t,b
b,s,c,v,t,b
b,s,c,y,t,b
b,s,c,v,t,b
b,s,c,v,t,b
b,s,c,y,t,b
b,s,c,v,t,b
b,s,c,y,t,b
b,s,c,v,t,b
b,s,c,v,t,b
b,s,c,y,t,b
b,s,c,y,t,b
b,s,c,y,t,b
b,s,c,v,t,b
b,s,c,y,t,b
b,s,c,y,t,b
b,s,c,v,t,b
b,s,c,y,t,b
b,s,c,v,t,b
b,s,c,v,t,b
b,s,c,y,t,b
b,s,c,y,t,b
b,s,c,v,t,b
b,s,c,v,t,b
b,s,c,y,t,b
b,s,c,y,t,b
b,s,c,y,t,b
b,s,c,v,t,b
b,s,c,y,t,b
b,s,w,s,f,e
b,s,c,y,t,b
b,s,c,y,t,b
b,s,c,y,t,b
b,s,c,y,t,b
b,s,c,v,t,b
b,s,c,y,t,b
b,s,c,y,t,b
b,s,c,y,t,b
b,s,c,y,t,b
b,s,c,y,t,b
b,s,c,y,t,b
b,s,c,y,t,b
b,s,c,v,t,b
b,s,c,v,t,b
b,s,c,y,t,b
b,s,c,v,t,b
b,s,c,y,t,b
b,s,c,y,t,b
n,s,c,v,f,b
b,s,c,y,t,b
b,s,c,y,t,b
b,s,c,y,t,b
b,s,c,v,t,b
b,s,c,v,t,b
b,s,c,v,t,b
b,s,c,y,t,b
b,s,c,v,t,b
b,s,c,y,t,b
b,s,c,y,t,b
b,s,c,y,t,b
b,s,c,y,t,b
b,s,c,y,t,b
b,s,c,v,t,b
b,s,c,v,t,b
b,s,c,v,t,b
b,k,c,v,f,b
b,s,c,v,t,b
b,s,c,y,t,b
b,s,c,y,t,b
b,k,c,y,f,b
b,s,c,v,t,b
b,s,c,v,t,b
b,s,c,v,t,b
b,s,c,v,t,b
b,s,c,y,t,b
b,s,c,v,t,b
b,s,c,v,t,b
b,s,c,v,t,b
b,s,c,v,t,b
b,s,c,y,t,b
b,s,c,v,t,b
b,s,c,y,t,b
b,s,c,y,t,b
b,s,c,v,t,b
b,s,c,y,t,b
b,s,c,y,t,b
b,s,c,y,t,b
b,f,w,s,f,e
b,s,c,y,t,b
b,s,c,y,t,b
b,s,c,y,t,b
b,s,c,v,t,b
b,s,c,y,t,b
b,s,c,v,t,b
b,s,c,v,t,b
b,s,c,v,t,b
n,s,w,s,f,b
b,s,c,y,t,b
b,s,c,v,t,b
b,s,c,y,t,b
b,s,w,s,f,e
b,s,c,y,t,b
b,s,c,v,t,b
b,s,c,y,t,b
b,s,c,y,t,b
b,s,c,y,t,b
b,s,c,v,t,b
b,s,c,v,t,b
b,s,c,v,t,b
b,s,c,v,t,b
b,s,c,v,t,b
b,s,c,v,t,b
b,s,c,y,t,b
b,s,c,v,t,b
b,s,c,v,t,b
b,s,c,y,t,b
b,f,w,s,f,e
b,s,c,y,t,b
b,s,c,y,t,b
b,s,c,v,t,b
b,s,c,y,t,b
b,s,c,y,t,b
b,s,c,v,t,b
b,s,c,y,t,b
b,s,c,v,t,b
b,s,c,v,t,b
b,s,c,v,t,b
b,s,c,y,t,b
b,s,c,y,t,b
b,s,c,v,t,b
b,s,c,y,t,b
b,s,c,v,t,b
b,s,c,y,t,b
b,s,c,v,t,b
b,s,c,y,t,b
b,s,c,v,t,b
b,s,c,y,t,b
b,s,c,y,t,b
b,s,c,y,t,b
b,s,c,v,t,b
n,s,w,v,f,b
b,s,c,y,t,b
b,s,c,v,t,b
b,f,w,s,f,e
b,s,c,y,t,b
b,s,c,y,t,b
b,s,c,y,t,b
b,s,c,y,t,b
b,s,c,v,t,b
b,s,c,y,t,b
b,s,c,y,t,b
b,s,c,v,t,b
b,s,c,v,t,b
b,s,c,y,t,b
b,s,c,v,t,b
b,s,c,y,t,b
b,s,c,v,t,b
b,s,c,y,t,b
b,s,c,y,t,b
n,s,w,s,f,b
b,s,c,v,t,b
b,s,c,v,t,b
b,s,c,y,t,b
b,s,c,v,t,b
b,s,c,y,t,b
b,s,c,y,t,b
b,s,c,y,t,b
b,s,c,y,t,b
b,s,c,v,t,b
b,s,c,v,t,b
b,s,c,v,t,b
b,s,c,y,t,b
b,s,c,y,t,b
b,s,c,y,t,b
b,s,c,y,t,b
b,s,c,y,t,b
b,s,c,y,t,b
b,s,c,y,t,b
b,s,c,y,t,b
b,s,c,v,t,b
b,f,w,s,f,e
b,s,c,v,t,b
b,s,c,y,t,b
b,s,c,v,t,b
b,s,c,y,t,b
b,s,c,v,t,b
n,s,c,v,f,b
b,s,c,v,t,b
b,s,c,v,t,b
b,s,w,a,f,e
b,s,c,y,t,b
n,s,w,v,f,b
b,s,c,v,t,b
b,s,c,v,t,b
b,s,c,v,t,b
b,s,c,v,t,b
b,s,c,v,t,b
b,s,c,y,t,b
b,s,c,v,t,b
b,s,c,y,t,b
b,s,c,y,t,b
b,s,c,v,t,b
b,k,c,y,f,b
b,s,c,y,t,b
b,s,c,v,t,b
b,s,c,y,t,b
b,s,c,y,t,b
b,s,c,y,t,b
b,s,c,y,t,b
b,s,c,y,t,b
b,s,c,y,t,b
b,s,c,v,t,b
b,s,c,v,t,b
b,s,c,y,t,b
b,s,c,v,t,b
b,s,c,y,t,b
b,s,c,y,t,b
b,s,c,y,t,b
b,s,c,v,t,b
b,s,c,y,t,b
b,s,c,v,t,b
b,s,c,y,t,b
b,s,c,y,t,b
b,s,c,y,t,b
b,s,c,y,t,b
b,k,c,y,f,b
b,s,c,v,t,b
b,s,c,y,t,b
b,s,c,v,t,b
b,s,c,v,t,b
b,s,c,y,t,b
b,s,c,y,t,b
b,s,c,v,t,b
b,s,c,v,t,b
b,s,c,v,t,b
b,s,c,v,t,b
b,k,c,v,f,b
b,s,c,y,t,b
b,s,c,y,t,b
b,s,c,v,t,b
b,s,c,v,t,b
b,s,c,y,t,b
b,s,c,v,t,b
b,s,c,v,t,b
b,s,c,y,t,b
b,s,c,y,t,b
b,s,c,v,t,b
b,s,c,v,t,b
b,s,c,v,t,b
b,s,c,y,t,b
b,s,c,v,t,b
b,s,c,y,t,b
b,s,c,y,t,b
b,s,c,y,t,b
b,s,c,v,t,b
b,s,c,y,t,b
b,s,c,y,t,b
b,s,c,y,t,b
b,s,c,v,t,b
b,s,c,v,t,b
b,s,c,y,t,b
b,s,c,y,t,b
b,s,c,y,t,b
b,s,c,y,t,b
b,s,c,v,t,b
b,s,w,s,f,e
b,s,c,v,t,b
b,s,c,y,t,b
b,s,c,y,t,b
b,s,c,y,t,b
b,s,c,v,t,b
b,s,c,v,t,b
b,s,c,y,t,b
b,s,c,y,t,b
b,s,c,y,t,b
b,s,c,v,t,b
b,s,c,y,t,b
b,s,c,y,t,b
b,s,c,v,t,b
b,s,c,v,t,b
b,s,c,v,t,b
b,s,c,v,t,b
b,s,c,v,t,b
b,s,c,y,t,b
b,s,c,y,t,b
b,s,c,y,t,b
b,s,c,v,t,b
b,s,c,y,t,b
b,s,c,v,t,b
b,k,c,v,f,b
b,s,c,v,t,b
b,s,c,y,t,b
b,s,c,y,t,b
b,s,c,v,t,b
b,s,c,v,t,b
b,s,c,y,t,b
b,s,c,y,t,b
b,s,c,v,t,b
b,s,c,v,t,b
b,s,c,v,t,b
b,k,c,v,f,b
b,s,c,y,t,b
b,k,c,y,f,b
n,s,w,s,f,b
b,s,c,y,t,b
b,s,c,v,t,b
b,s,c,y,t,b
b,s,c,y,t,b
b,k,c,y,f,b
b,s,c,v,t,b
b,s,c,y,t,b
b,s,c,y,t,b
n,s,c,s,f,b
b,s,c,y,t,b
b,s,c,v,t,b
b,k,c,v,f,b
b,k,c,y,f,b
b,s,c,v,t,b
b,s,c,v,t,b
b,s,c,v,t,b
b,s,c,v,t,b
b,s,c,y,t,b
b,s,c,v,t,b
b,s,c,y,t,b
b,s,c,v,t,b
n,s,w,s,f,b
b,k,c,y,f,b
b,s,c,y,t,b
b,s,c,v,t,b
b,s,c,v,t,b
b,s,c,y,t,b
b,s,c,y,t,b
b,s,c,v,t,b
b,k,c,v,f,b
b,s,c,y,t,b
b,s,c,v,t,b
n,s,c,s,f,b
b,s,c,y,t,b
b,s,c,v,t,b
b,k,c,v,f,b
b,k,c,v,f,b
b,s,c,v,t,b
b,s,c,v,t,b
b,s,c,v,t,b
b,s,c,v,t,b
b,s,c,v,t,b
n,s,w,v,f,b
b,s,c,y,t,b
b,s,c,v,t,b
b,s,c,y,t,b
b,s,c,v,t,b
n,s,c,v,f,b
b,s,c,v,t,b
b,s,c,y,t,b
b,s,c,v,t,b
b,s,c,v,t,b
n,s,c,s,f,b
n,s,c,s,f,b
b,s,c,y,t,b
b,k,c,y,f,b
n,s,w,v,f,b
b,k,c,v,f,b
b,s,c,v,t,b
b,k,c,y,f,b
b,s,c,v,t,b
b,s,c,y,t,b
b,s,c,y,t,b
n,s,c,s,f,b
b,k,c,v,f,b
b,s,c,v,t,b
b,s,c,y,t,b
b,s,c,y,t,b
b,k,c,v,f,b
b,s,c,y,t,b
b,k,c,y,f,b
b,s,c,y,t,b
b,s,c,v,t,b
b,k,c,v,f,b
b,s,c,v,t,b
b,s,c,y,t,b
b,s,c,y,t,b
b,k,c,v,f,b
b,s,c,v,t,b
b,s,c,v,t,b
b,k,c,v,f,b
b,s,c,y,t,b
b,k,c,y,f,b
b,s,c,y,t,b
b,k,c,y,f,b
b,k,c,y,f,b
b,k,c,y,f,b
b,s,c,y,t,b
b,k,c,v,f,b
b,s,c,v,t,b
n,s,w,v,f,b
b,s,c,v,t,b
n,s,c,s,f,b
b,s,c,y,t,b
b,s,c,y,t,b
b,s,c,y,t,b
b,s,c,y,t,b
b,k,c,y,f,b
b,k,c,y,f,b
n,s,w,s,f,b
b,s,c,v,t,b
b,s,c,y,t,b
b,s,c,v,t,b
b,s,c,y,t,b
b,k,c,v,f,b
n,s,c,v,f,b
b,s,c,y,t,b
b,s,c,v,t,b
b,s,c,v,t,b
b,s,c,v,t,b
b,s,c,y,t,b
b,s,c,y,t,b
b,s,c,v,t,b
n,s,c,v,f,b
n,s,c,v,f,b
b,s,c,y,t,b
b,s,c,y,t,b
b,k,c,y,f,b
b,s,c,v,t,b
n,s,w,s,f,b
b,s,c,y,t,b
b,s,c,y,t,b
b,s,c,v,t,b
b,s,c,v,t,b
b,s,c,y,t,b
b,s,c,v,t,b
b,s,c,y,t,b
b,s,c,y,t,b
b,s,c,v,t,b
b,s,c,y,t,b
b,s,c,y,t,b
b,s,c,v,t,b
b,s,c,v,t,b
b,k,c,v,f,b
b,s,c,y,t,b
b,s,c,v,t,b
b,k,c,y,f,b
b,s,c,y,t,b
b,s,c,y,t,b
b,s,c,y,t,b
b,s,c,y,t,b
b,s,c,v,t,b
n,s,c,s,f,b
n,s,w,s,f,b
b,s,c,v,t,b
b,s,c,y,t,b
b,s,c,y,t,b
b,k,c,y,f,b
b,s,c,v,t,b
b,s,c,y,t,b
b,s,c,y,t,b
n,s,w,s,f,b
b,s,c,v,t,b
b,s,c,v,t,b
b,k,c,y,f,b
b,s,c,y,t,b
b,k,c,v,f,b
n,s,w,s,f,b
b,s,c,v,t,b
b,k,c,v,f,b
n,s,c,s,f,b
b,k,c,v,f,b
b,s,c,v,t,b
b,k,c,v,f,b
n,s,w,s,f,b
b,s,c,y,t,b
b,s,c,v,t,b
b,s,c,y,t,b
b,k,c,v,f,b
n,s,w,v,f,b
b,s,c,v,t,b
b,s,c,y,t,b
b,s,c,y,t,b
b,s,c,v,t,b
b,k,c,v,f,b
b,s,c,v,t,b
n,s,c,v,f,b
n,s,c,s,f,b
b,s,c,y,t,b
b,s,c,y,t,b
b,s,c,v,t,b
b,s,c,v,t,b
b,k,c,v,f,b
b,k,c,y,f,b
b,s,c,y,t,b
b,k,c,v,f,b
n,s,c,s,f,b
b,s,c,y,t,b
b,k,c,v,f,b
b,s,c,y,t,b
b,s,c,v,t,b
b,s,c,y,t,b
b,s,c,v,t,b
b,s,c,v,t,b
b,k,c,v,f,b
b,s,c,y,t,b
b,k,c,y,f,b
b,s,c,y,t,b
b,s,c,v,t,b
b,s,c,y,t,b
b,k,c,y,f,b
b,s,c,v,t,b
b,s,c,y,t,b
b,k,c,v,f,b
n,s,c,s,f,b
b,s,c,v,t,b
b,k,c,v,f,b
b,s,c,y,t,b
b,s,c,v,t,b
b,s,c,v,t,b
b,s,c,v,t,b
b,s,c,v,t,b
b,s,c,v,t,b
n,s,w,v,f,b
b,s,c,y,t,b
b,s,c,y,t,b
b,s,c,y,t,b
b,s,c,y,t,b
b,s,c,y,t,b
b,s,c,v,t,b
b,s,c,y,t,b
b,k,c,y,f,b
n,s,w,v,f,b
b,s,c,v,t,b
b,s,c,v,t,b
b,s,c,v,t,b
b,k,c,y,f,b
n,s,w,s,f,b
b,k,c,y,f,b
b,s,c,y,t,b
b,k,c,v,f,b
b,s,c,y,t,b
b,s,c,y,t,b
b,s,c,v,t,b
b,k,c,v,f,b
b,s,c,y,t,b
b,s,c,v,t,b
n,s,c,s,f,b
b,k,c,y,f,b
b,s,c,y,t,b
b,k,c,y,f,b
b,k,c,y,f,b
b,s,c,v,t,b
b,k,c,y,f,b
b,s,c,y,t,b
b,s,c,y,t,b
b,s,c,v,t,b
b,s,c,y,t,b
n,s,w,s,f,b
b,s,c,v,t,b
b,s,c,v,t,b
b,s,c,v,t,b
b,s,c,v,t,b
n,s,c,v,f,b
b,k,c,y,f,b
b,s,c,y,t,b
b,s,c,y,t,b
n,s,w,v,f,b
b,s,c,y,t,b
b,k,c,y,f,b
b,k,c,y,f,b
b,s,c,y,t,b
b,s,c,v,t,b
n,s,c,v,f,b
b,k,c,v,f,b
n,s,w,s,f,b
b,s,c,v,t,b
b,s,c,v,t,b
b,s,c,y,t,b
b,k,c,y,f,b
b,s,c,y,t,b
n,s,w,v,f,b
b,k,c,v,f,b
b,s,c,y,t,b
b,s,c,y,t,b
b,k,c,v,f,b
b,k,c,v,f,b
n,s,w,v,f,b
b,s,c,v,t,b
b,k,c,v,f,b
b,s,c,y,t,b
b,s,c,v,t,b
b,s,c,y,t,b
b,s,c,y,t,b
b,s,c,y,t,b
b,s,c,y,t,b
b,s,c,y,t,b
n,s,w,s,f,b
b,s,c,v,t,b
b,s,c,v,t,b
n,s,w,s,f,b
b,s,c,y,t,b
b,s,c,v,t,b
b,k,c,v,f,b
b,s,c,v,t,b
b,k,c,y,f,b
b,s,c,y,t,b
b,s,c,y,t,b
b,s,c,v,t,b
b,k,c,v,f,b
b,s,c,v,t,b
n,s,c,s,f,b
b,s,c,y,t,b
b,s,c,y,t,b
b,s,c,y,t,b
b,s,c,v,t,b
b,s,c,y,t,b
b,s,c,v,t,b
b,k,c,y,f,b
b,s,c,y,t,b
b,s,c,v,t,b
b,s,c,y,t,b
b,s,c,v,t,b
b,s,c,y,t,b
b,s,c,y,t,b
b,s,c,v,t,b
b,s,c,v,t,b
n,s,c,s,f,b
b,k,c,v,f,b
b,s,c,v,t,b
b,s,c,v,t,b
n,s,c,s,f,b
n,s,w,v,f,b
b,k,c,y,f,b
b,s,c,v,t,b
b,s,c,v,t,b
n,s,w,s,f,b
b,s,c,y,t,b
b,s,c,y,t,b
b,k,c,v,f,b
b,s,c,v,t,b
b,s,c,y,t,b
n,s,w,v,f,b
b,s,c,y,t,b
b,k,c,v,f,b
b,s,c,y,t,b
b,k,c,y,f,b
b,s,c,v,t,b
b,s,c,y,t,b
b,s,c,v,t,b
b,s,c,v,t,b
n,s,w,v,f,b
b,s,c,y,t,b
b,s,c,v,t,b
b,k,c,y,f,b
b,s,c,v,t,b
n,s,w,s,f,b
b,k,c,v,f,b
b,s,c,v,t,b
b,s,c,v,t,b
b,s,c,v,t,b
b,s,c,y,t,b
n,s,c,v,f,b
b,k,c,v,f,b
n,s,w,v,f,b
b,s,c,v,t,b
b,s,c,v,t,b
b,k,c,y,f,b
b,k,c,y,f,b
b,s,c,y,t,b
n,s,w,s,f,b
n,s,c,s,f,b
b,s,c,v,t,b
b,s,c,y,t,b
b,s,c,y,t,b
b,s,c,v,t,b
n,s,w,v,f,b
b,k,c,y,f,b
b,s,c,v,t,b
b,s,c,v,t,b
b,s,c,v,t,b
b,s,c,y,t,b
b,s,c,y,t,b
b,s,c,v,t,b
b,k,c,v,f,b
b,s,c,y,t,b
n,s,w,s,f,b
b,s,c,y,t,b
b,s,c,y,t,b
b,s,c,v,t,b
b,s,c,v,t,b
b,s,c,v,t,b
b,s,c,v,t,b
n,s,w,v,f,b
b,k,c,y,f,b
n,s,c,v,f,b
b,s,c,y,t,b
b,s,c,v,t,b
n,s,c,s,f,b
b,s,c,y,t,b
n,s,c,v,f,b
b,s,c,y,t,b
n,s,w,s,f,b
b,s,c,v,t,b
b,k,c,y,f,b
n,s,c,s,f,b
b,s,c,y,t,b
b,k,c,y,f,b
n,s,c,v,f,b
b,s,c,y,t,b
n,s,w,s,f,b
b,s,c,v,t,b
b,s,c,y,t,b
b,s,c,y,t,b
b,s,c,v,t,b
b,s,c,y,t,b
n,s,c,s,f,b
b,s,c,v,t,b
b,s,c,v,t,b
b,s,c,y,t,b
b,s,c,y,t,b
b,s,c,v,t,b
b,k,c,y,f,b
n,s,c,s,f,b
b,s,c,y,t,b
b,s,c,y,t,b
n,s,w,v,f,b
b,s,c,y,t,b
b,s,c,y,t,b
b,s,c,v,t,b
b,k,c,v,f,b
n,s,w,v,f,b
b,s,c,y,t,b
b,s,c,y,t,b
b,s,c,y,t,b
b,s,c,v,t,b
b,s,c,v,t,b
b,k,c,v,f,b
b,s,c,y,t,b
b,s,c,v,t,b
n,s,w,v,f,b
b,s,c,v,t,b
b,k,c,y,f,b
b,s,c,y,t,b
b,k,c,v,f,b
b,s,c,v,t,b
n,s,c,s,f,b
b,s,c,v,t,b
n,s,w,v,f,b
n,s,c,s,f,b
b,s,c,v,t,b
n,s,w,v,f,b
b,k,c,y,f,b
b,s,c,v,t,b
b,s,c,y,t,b
b,s,c,y,t,b
b,k,c,y,f,b
n,s,w,v,f,b
b,k,c,v,f,b
n,s,w,s,f,b
b,s,c,y,t,b
b,s,c,y,t,b
n,s,w,s,f,b
b,s,c,y,t,b
b,s,c,v,t,b
b,s,c,y,t,b
b,s,c,y,t,b
b,s,c,y,t,b
n,s,w,s,f,b
b,s,c,y,t,b
b,k,c,y,f,b
b,s,c,v,t,b
b,s,c,v,t,b
n,s,w,v,f,b
n,s,c,v,f,b
b,s,c,y,t,b
b,s,c,v,t,b
b,s,c,y,t,b
b,k,c,v,f,b
b,s,c,v,t,b
b,s,c,y,t,b
b,s,c,y,t,b
n,s,c,s,f,b
b,s,c,v,t,b
b,k,c,v,f,b
b,s,c,v,t,b
b,s,c,v,t,b
b,s,c,y,t,b
n,s,c,v,f,b
n,s,w,s,f,b
b,s,c,v,t,b
b,s,c,v,t,b
b,s,c,y,t,b
b,k,c,v,f,b
b,s,c,y,t,b
b,k,c,y,f,b
b,s,c,y,t,b
b,k,c,v,f,b
b,s,c,v,t,b
b,s,c,y,t,b
b,s,c,v,t,b
b,k,c,y,f,b
b,s,c,y,t,b
b,s,c,v,t,b
b,s,c,v,t,b
n,s,w,s,f,b
b,s,c,y,t,b
b,s,c,y,t,b
b,s,c,y,t,b
b,s,c,v,t,b
b,s,c,v,t,b
b,k,c,v,f,b
b,s,c,v,t,b
b,k,c,y,f,b
b,s,c,v,t,b
b,s,c,y,t,b
b,k,c,v,f,b
b,s,c,y,t,b
b,k,c,v,f,b
b,s,c,y,t,b
n,s,c,v,f,b
b,s,c,v,t,b
b,s,c,y,t,b
b,s,c,v,t,b
b,s,c,v,t,b
b,s,c,v,t,b
n,s,w,s,f,b
b,k,c,v,f,b
b,s,c,v,t,b
b,s,c,y,t,b
n,s,c,v,f,b
b,s,c,y,t,b
b,s,c,v,t,b
b,s,c,y,t,b
b,s,c,y,t,b
b,s,c,y,t,b
n,s,w,v,f,b
b,s,c,y,t,b
b,k,c,v,f,b
b,s,c,v,t,b
b,s,c,v,t,b
n,s,w,s,f,b
b,s,c,y,t,b
b,s,c,v,t,b
b,k,c,y,f,b
b,s,c,y,t,b
b,s,c,v,t,b
b,s,c,v,t,b
n,s,c,s,f,b
b,k,c,v,f,b
b,s,c,v,t,b
b,s,c,v,t,b
n,s,c,v,f,b
b,s,c,y,t,b
b,s,c,y,t,b
b,s,c,v,t,b
b,s,c,v,t,b
b,s,c,y,t,b
b,s,c,y,t,b
n,s,c,v,f,b
b,s,c,v,t,b
b,k,c,y,f,b
n,s,w,v,f,b
b,s,c,v,t,b
b,k,c,v,f,b
n,s,w,s,f,b
b,s,c,y,t,b
b,s,c,v,t,b
b,s,c,v,t,b
b,s,c,y,t,b
b,k,c,v,f,b
b,s,c,y,t,b
b,k,c,v,f,b
b,s,c,v,t,b
b,s,c,y,t,b
b,k,c,y,f,b
b,s,c,v,t,b
b,k,c,y,f,b
b,s,c,v,t,b
b,s,c,v,t,b
b,s,c,v,t,b
b,s,c,v,t,b
b,s,c,y,t,b
b,s,c,v,t,b
b,s,c,v,t,b
b,s,c,v,t,b
b,k,c,v,f,b
b,s,c,y,t,b
n,s,c,v,f,b
b,s,c,v,t,b
b,s,c,v,t,b
b,s,c,y,t,b
b,s,c,y,t,b
b,s,c,v,t,b
b,s,c,v,t,b
n,s,c,s,f,b
b,s,c,y,t,b
b,s,c,v,t,b
b,s,c,y,t,b
b,k,c,y,f,b
b,s,c,v,t,b
b,s,c,y,t,b
b,k,c,y,f,b
b,s,c,y,t,b
b,k,c,v,f,b
b,s,c,y,t,b
b,s,c,y,t,b
b,s,c,y,t,b
b,s,c,v,t,b
b,k,c,v,f,b
n,s,c,v,f,b
b,k,c,v,f,b
b,k,c,v,f,b
b,k,c,y,f,b
b,s,c,v,t,b
b,k,c,v,f,b
b,s,c,v,t,b
b,s,c,v,t,b
b,s,c,y,t,b
b,k,c,y,f,b
b,s,c,y,t,b
n,s,w,s,f,b
b,s,c,y,t,b
b,s,c,y,t,b
b,s,c,v,t,b
b,s,c,y,t,b
b,k,c,y,f,b
b,k,c,v,f,b
b,s,c,v,t,b
b,s,c,v,t,b
b,k,c,v,f,b
b,s,c,y,t,b
n,s,c,s,f,b
b,s,c,v,t,b
b,s,c,y,t,b
b,k,c,y,f,b
b,s,c,y,t,b
n,s,w,s,f,b
b,k,c,v,f,b
b,s,c,v,t,b
b,k,c,v,f,b
b,s,c,v,t,b
b,s,c,y,t,b
b,s,c,y,t,b
b,s,c,y,t,b
b,s,c,y,t,b
b,s,c,y,t,b
b,s,c,y,t,b
b,s,c,y,t,b
b,k,c,y,f,b
b,s,c,y,t,b
b,s,c,v,t,b
b,k,c,y,f,b
b,k,c,v,f,b
b,k,c,y,f,b
b,s,c,y,t,b
b,s,c,v,t,b
b,k,c,y,f,b
b,k,c,v,f,b
b,k,c,v,f,b
b,s,c,v,t,b
n,s,w,s,f,b
b,s,c,v,t,b
b,k,c,y,f,b
b,s,c,v,t,b
b,s,c,y,t,b
b,k,c,y,f,b
b,s,c,y,t,b
n,s,c,v,f,b
b,s,c,v,t,b
b,s,c,v,t,b
b,s,c,y,t,b
b,k,c,v,f,b
b,s,c,v,t,b
b,s,c,y,t,b
n,s,c,s,f,b
b,s,c,v,t,b
b,s,c,y,t,b
b,s,c,y,t,b
b,s,c,v,t,b
b,k,c,v,f,b
b,s,c,y,t,b
b,s,c,v,t,b
b,s,c,y,t,b
n,s,c,s,f,b
b,s,c,y,t,b
b,s,c,v,t,b
b,s,c,y,t,b
n,s,c,s,f,b
b,k,c,v,f,b
b,s,c,v,t,b
b,k,c,v,f,b
n,s,c,s,f,b
b,s,c,y,t,b
b,s,c,v,t,b
b,s,c,v,t,b
b,s,c,v,t,b
n,s,w,v,f,b
b,s,c,v,t,b
b,k,c,v,f,b
b,s,c,y,t,b
b,s,c,v,t,b
n,s,c,v,f,b
b,s,c,y,t,b
n,s,c,v,f,b
b,s,c,y,t,b
b,k,c,y,f,b
b,s,c,y,t,b
n,s,c,s,f,b
b,k,c,v,f,b
b,s,c,y,t,b
b,s,c,y,t,b
n,s,c,s,f,b
b,k,c,v,f,b
b,s,c,y,t,b
b,k,c,v,f,b
b,s,c,v,t,b
b,s,c,v,t,b
b,k,c,y,f,b
b,s,c,y,t,b
b,s,c,v,t,b
b,s,c,y,t,b
b,s,c,v,t,b
b,k,c,v,f,b
b,s,c,v,t,b
b,s,c,y,t,b
b,s,c,v,t,b
b,s,c,y,t,b
b,s,c,v,t,b
b,k,c,v,f,b
n,s,w,v,f,b
b,k,c,v,f,b
b,s,c,v,t,b
b,s,c,y,t,b
b,s,c,y,t,b
b,s,c,y,t,b
b,s,c,v,t,b
b,s,c,y,t,b
b,s,c,v,t,b
b,k,c,y,f,b
b,s,c,y,t,b
b,s,c,y,t,b
b,k,c,v,f,b
n,s,w,s,f,b
n,s,w,v,f,b
b,s,c,y,t,b
b,k,c,v,f,b
n,s,w,v,f,b
b,s,c,v,t,b
b,s,c,y,t,b
b,s,c,v,t,b
b,k,c,v,f,b
b,s,c,v,t,b
b,s,c,v,t,b
b,s,c,v,t,b
b,k,c,v,f,b
n,s,c,v,f,b
b,s,c,v,t,b
n,s,c,s,f,b
n,s,c,v,f,b
b,k,c,y,f,b
b,s,c,v,t,b
b,s,c,v,t,b
b,k,c,y,f,b
b,s,c,y,t,b
b,s,c,v,t,b
b,s,c,v,t,b
b,s,c,y,t,b
b,s,c,v,t,b
b,s,c,y,t,b
b,s,c,v,t,b
b,s,c,v,t,b
b,s,c,y,t,b
b,s,c,y,t,b
b,s,c,y,t,b
b,s,c,y,t,b
b,s,c,y,t,b
b,s,c,v,t,b
b,s,c,y,t,b
b,s,c,y,t,b
b,k,c,y,f,b
b,s,c,y,t,b
b,s,c,y,t,b
b,s,c,v,t,b
b,s,c,y,t,b
b,s,c,y,t,b
b,k,c,v,f,b
b,s,c,v,t,b
b,k,c,v,f,b
b,s,c,y,t,b
b,s,c,v,t,b
b,s,c,y,t,b
b,k,c,v,f,b
b,s,c,v,t,b
b,s,c,y,t,b
b,k,c,v,f,b
b,s,c,v,t,b
n,s,w,s,f,b
b,s,c,y,t,b
n,s,w,s,f,b
b,s,c,v,t,b
n,s,c,v,f,b
b,s,c,y,t,b
b,s,c,v,t,b
b,s,c,y,t,b
b,s,c,y,t,b
n,s,c,s,f,b
b,s,c,y,t,b
b,s,c,v,t,b
n,s,w,v,f,b
b,s,c,y,t,b
n,s,c,v,f,b
b,s,c,y,t,b
b,k,c,y,f,b
b,s,c,y,t,b
b,k,c,y,f,b
b,s,c,v,t,b
b,s,c,v,t,b
b,s,c,v,t,b
n,s,w,s,f,b
b,k,c,y,f,b
b,s,c,v,t,b
b,s,c,v,t,b
b,s,c,v,t,b
b,s,c,y,t,b
b,s,c,v,t,b
b,s,c,y,t,b
b,k,c,y,f,b
b,s,c,y,t,b
b,s,c,y,t,b
b,s,c,y,t,b
n,s,c,v,f,b
b,s,c,y,t,b
b,s,c,y,t,b
b,k,c,y,f,b
b,s,c,y,t,b
n,s,w,v,f,b
b,s,c,v,t,b
n,s,c,s,f,b
b,k,c,v,f,b
b,k,c,y,f,b
b,s,c,v,t,b
b,s,c,v,t,b
b,s,c,y,t,b
b,s,c,y,t,b
b,k,c,v,f,b
b,s,c,y,t,b
b,s,c,y,t,b
b,k,c,v,f,b
b,s,c,y,t,b
n,s,w,s,f,b
b,s,c,y,t,b
b,s,c,y,t,b
b,s,c,y,t,b
b,s,c,y,t,b
b,s,c,y,t,b
b,s,c,y,t,b
n,s,c,s,f,b
b,s,c,v,t,b
b,k,c,y,f,b
b,s,c,v,t,b
b,s,c,v,t,b
b,s,c,v,t,b
n,s,w,v,f,b
n,s,w,v,f,b
b,s,c,v,t,b
b,s,c,v,t,b
b,s,c,v,t,b
b,s,c,y,t,b
b,k,c,v,f,b
n,s,w,v,f,b
b,s,c,y,t,b
b,s,c,v,t,b
n,s,w,v,f,b
n,s,w,s,f,b
b,s,c,v,t,b
b,k,c,v,f,b
n,s,c,v,f,b
b,k,c,v,f,b
n,s,c,v,f,b
b,s,c,v,t,b
n,s,c,s,f,b
b,s,c,v,t,b
n,s,c,v,f,b
n,s,w,s,f,b
b,s,c,y,t,b
n,s,c,s,f,b
n,s,w,v,f,b
b,s,c,y,t,b
b,s,c,y,t,b
n,s,w,s,f,b
b,s,c,v,t,b
n,s,c,s,f,b
b,s,c,v,t,b
b,k,c,v,f,b
b,k,c,y,f,b
b,s,c,v,t,b
b,k,c,v,f,b
b,s,c,v,t,b
b,k,c,y,f,b
b,k,c,y,f,b
b,s,c,v,t,b
b,s,c,v,t,b
n,s,c,v,f,b
b,s,c,y,t,b
b,k,c,y,f,b
b,k,c,v,f,b
b,k,c,y,f,b
b,k,c,v,f,b
n,s,w,v,f,b
b,k,c,y,f,b
b,k,c,v,f,b
b,k,c,v,f,b
b,k,c,v,f,b
b,k,c,y,f,b
b,s,c,y,t,b
b,k,c,y,f,b
b,k,c,y,f,b
b,k,c,y,f,b
b,s,c,y,t,b
b,s,c,v,t,b
b,s,c,v,t,b
b,k,c,v,f,b
b,k,c,v,f,b
b,k,c,v,f,b
b,s,c,y,t,b
b,k,c,v,f,b
b,s,c,v,t,b
b,s,c,v,t,b
b,s,c,v,t,b
b,k,c,y,f,b
b,k,c,y,f,b
b,k,c,y,f,b
b,s,c,v,t,b
b,k,c,y,f,b
b,k,c,y,f,b
b,k,c,v,f,b
b,k,c,v,f,b
b,k,c,y,f,b
b,k,c,v,f,b
n,s,c,s,f,b
b,k,c,v,f,b
b,s,c,v,t,b
b,s,c,y,t,b
n,s,c,v,f,b
b,k,c,v,f,b
b,k,c,v,f,b
b,s,c,y,t,b
b,s,c,y,t,b
b,k,c,v,f,b
b,s,c,v,t,b
b,k,c,v,f,b
b,k,c,y,f,b
b,s,c,v,t,b
b,k,c,v,f,b
b,k,c,y,f,b
b,k,c,v,f,b
b,k,c,y,f,b
n,s,w,s,f,b
n,s,c,s,f,b
b,k,c,v,f,b
b,k,c,y,f,b
b,k,c,v,f,b
b,s,c,v,t,b
b,s,c,v,t,b
b,k,c,y,f,b
b,s,c,v,t,b
b,k,c,y,f,b
b,k,c,y,f,b
b,k,c,v,f,b
b,k,c,y,f,b
b,k,c,y,f,b
b,k,c,y,f,b
b,k,c,y,f,b
n,s,c,v,f,b
b,k,c,v,f,b
b,k,c,y,f,b
b,s,c,v,t,b
b,s,c,v,t,b
b,k,c,y,f,b
n,s,c,s,f,b
b,k,c,v,f,b
b,k,c,v,f,b
n,s,c,v,f,b
b,s,c,v,t,b
b,k,c,v,f,b
n,s,w,v,f,b
b,s,c,v,t,b
b,k,c,v,f,b
b,s,c,c,t,?
b,k,c,y,f,b
b,k,c,y,f,b
b,k,c,y,f,b
b,k,c,y,f,b
b,s,c,y,t,b
b,k,c,v,f,b
b,k,c,v,f,b
b,k,c,y,f,b
n,s,w,s,f,b
n,s,c,v,f,b
b,k,c,v,f,b
b,s,c,s,t,b
b,k,c,v,f,b
b,s,c,y,t,b
b,k,c,v,f,b
b,s,c,v,t,b
b,k,c,y,f,b
b,s,c,v,t,b
b,s,c,y,t,b
b,k,c,y,f,b
b,k,c,y,f,b
b,s,c,v,t,b
b,k,c,v,f,b
b,s,c,y,t,b
b,s,c,y,t,b
b,s,c,v,t,b
b,k,c,y,f,b
b,s,c,v,t,b
b,k,c,v,f,b
b,k,c,v,f,b
b,k,c,v,f,b
b,k,c,v,f,b
b,k,c,v,f,b
b,s,c,v,t,b
b,s,c,v,t,b
b,k,c,v,f,b
b,k,c,y,f,b
b,k,c,y,f,b
n,s,c,v,f,?
b,k,c,y,f,b
b,k,c,v,f,b
n,s,w,v,f,b
b,k,c,v,f,b
b,f,c,s,t,b
b,k,c,v,f,b
b,k,c,y,f,b
n,s,w,s,f,b
b,k,c,v,f,b
b,s,c,v,t,b
b,k,c,y,f,b
b,k,c,v,f,b
b,k,c,v,f,b
b,k,c,v,f,b
b,k,c,y,f,b
b,s,c,v,t,b
b,k,c,y,f,b
b,s,c,y,t,b
b,k,c,v,f,b
b,k,c,y,f,b
b,k,c,v,f,b
n,s,w,v,f,b
b,k,c,y,f,b
b,s,c,v,t,b
n,s,c,s,f,b
b,k,c,v,f,b
b,k,c,y,f,b
n,s,w,v,f,b
b,k,c,y,f,b
b,k,c,v,f,b
b,s,c,v,t,b
b,k,c,v,f,b
b,k,c,v,f,b
n,s,c,s,f,b
n,s,w,v,f,b
b,s,c,v,t,b
b,k,c,v,f,b
b,s,c,y,t,b
b,s,c,y,t,b
b,k,c,y,f,b
b,k,c,y,f,b
b,k,c,v,f,b
b,k,c,y,f,b
b,k,c,y,f,b
b,s,c,y,t,b
b,k,c,v,f,b
b,k,c,v,f,b
b,k,c,v,f,b
b,k,c,y,f,b
b,s,c,v,t,b
b,s,c,v,t,b
b,k,c,y,f,b
n,f,c,y,f,?
b,s,c,y,t,b
b,k,c,v,f,b
b,k,c,v,f,b
b,k,c,y,f,b
b,k,c,y,f,b
b,k,c,v,f,b
b,k,c,y,f,b
b,k,c,v,f,b
b,k,c,v,f,b
b,k,c,y,f,b
b,s,c,v,t,b
b,k,c,y,f,b
b,s,c,v,t,b
b,k,c,v,f,b
b,k,c,v,f,b
b,s,c,y,t,b
b,s,c,y,t,b
b,k,c,v,f,b
b,s,c,v,t,b
b,s,c,y,t,b
b,k,c,v,f,b
n,s,c,v,f,b
b,k,c,y,f,b
n,s,c,v,f,?
b,k,c,v,f,b
b,k,c,y,f,b
b,s,c,y,t,b
n,s,c,v,f,?
b,s,c,v,t,b
b,s,c,v,t,b
b,s,c,y,t,b
b,k,c,v,f,b
b,s,c,y,t,b
b,k,c,y,f,b
b,k,c,y,f,b
b,k,c,v,f,b
b,s,c,v,t,b
b,k,c,y,f,b
b,k,c,v,f,b
b,k,c,v,f,b
b,k,c,y,f,b
b,k,c,v,f,b
b,k,c,v,f,b
b,k,c,v,f,b
b,s,c,v,t,b
b,k,c,v,f,b
b,k,c,v,f,b
b,s,c,v,t,b
b,k,c,v,f,b
b,k,c,v,f,b
b,s,c,y,t,b
b,k,c,y,f,b
b,s,c,y,t,b
b,k,c,v,f,b
b,k,c,v,f,b
b,k,c,v,f,b
n,s,c,s,f,b
b,s,c,v,t,b
b,k,c,y,f,b
b,k,c,y,f,b
b,k,c,v,f,b
b,s,c,v,t,b
b,k,c,y,f,b
b,k,c,y,f,b
b,s,c,v,t,b
b,s,c,v,t,b
b,f,c,v,t,b
b,k,c,y,f,b
b,k,c,v,f,b
b,k,c,v,f,b
b,k,c,v,f,b
b,k,c,v,f,b
b,k,c,v,f,b
b,s,c,y,t,b
b,k,c,v,f,b
b,k,c,v,f,b
b,k,c,y,f,b
b,s,c,v,t,b
b,s,c,v,t,b
b,s,c,y,t,b
b,k,c,v,f,b
b,k,c,y,f,b
b,s,c,y,t,b
b,k,c,y,f,b
b,s,c,v,t,b
b,k,c,v,f,b
b,k,c,v,f,b
b,k,c,v,f,b
n,f,w,v,f,b
b,k,c,v,f,b
b,k,c,y,f,b
b,k,c,v,f,b
b,k,c,y,f,b
b,s,c,s,t,b
b,k,c,v,f,b
b,k,c,v,f,b
b,k,c,y,f,b
b,k,c,v,f,b
b,k,c,y,f,b
b,s,c,y,t,b
b,k,c,y,f,b
b,k,c,y,f,b
b,s,c,y,t,b
b,k,c,v,f,b
b,k,c,y,f,b
b,k,c,y,f,b
b,s,c,y,t,b
b,k,c,v,f,b
b,k,c,y,f,b
b,s,c,y,t,b
b,s,c,v,t,b
b,k,c,v,f,b
b,k,c,v,f,b
b,k,c,v,f,b
b,k,c,v,f,b
b,k,c,y,f,b
b,k,c,y,f,b
b,f,c,s,t,b
b,s,c,y,t,b
n,k,c,v,f,?
b,s,c,v,t,b
n,s,w,v,f,b
n,s,w,v,f,b
n,k,c,v,f,?
b,k,c,y,f,b
b,k,c,v,f,b
b,f,c,s,t,b
b,k,c,y,f,b
b,k,c,y,f,b
b,k,c,y,f,b
b,k,c,y,f,b
b,k,c,y,f,b
b,k,c,y,f,b
b,k,c,y,f,b
b,k,c,y,f,b
b,k,c,v,f,b
b,k,c,v,f,b
b,k,c,y,f,b
b,k,c,v,f,b
b,s,c,v,t,b
b,k,c,y,f,b
b,k,c,y,f,b
b,k,c,y,f,b
b,k,c,y,f,b
b,k,c,v,f,b
b,k,c,v,f,b
b,k,c,y,f,b
b,s,c,v,t,b
b,k,c,v,f,b
b,k,c,y,f,b
b,k,c,v,f,b
b,k,c,v,f,b
b,k,c,v,f,b
b,k,c,y,f,b
b,k,c,y,f,b
b,f,c,s,t,b
b,k,c,v,f,b
b,k,c,v,f,b
b,k,c,y,f,b
b,k,c,y,f,b
b,k,c,v,f,b
b,k,c,v,f,b
b,k,c,y,f,b
b,k,c,y,f,b
b,k,c,v,f,b
b,k,c,y,f,b
b,k,c,v,f,b
b,k,c,v,f,b
b,s,c,s,t,b
b,k,c,y,f,b
b,s,c,s,t,b
b,k,c,v,f,b
b,k,c,v,f,b
b,k,c,y,f,b
b,k,c,y,f,b
b,k,c,v,f,b
b,s,c,y,t,b
b,k,c,y,f,b
b,k,c,y,f,b
b,k,c,v,f,b
b,k,c,v,f,b
b,k,c,y,f,b
b,k,c,v,f,b
b,k,c,y,f,b
b,k,c,y,f,b
n,s,c,s,f,b
b,k,c,y,f,b
b,k,c,y,f,b
b,k,c,y,f,b
b,k,c,v,f,b
b,k,c,v,f,b
b,k,c,v,f,b
b,k,c,y,f,b
b,k,c,v,f,b
b,k,c,y,f,b
b,k,c,v,f,b
b,k,c,y,f,b
b,k,c,v,f,b
b,k,c,y,f,b
n,f,w,v,f,b
b,k,c,y,f,b
b,k,c,y,f,b
b,k,c,y,f,b
b,k,c,v,f,b
b,k,c,y,f,b
b,k,c,v,f,b
b,s,c,c,t,?
b,k,c,v,f,b
b,k,c,y,f,b
b,k,c,y,f,b
b,k,c,y,f,b
b,k,c,v,f,b
b,k,c,y,f,b
b,k,c,v,f,b
b,s,c,c,t,?
b,k,c,v,f,b
b,k,c,v,f,b
b,k,c,y,f,b
b,k,c,v,f,b
b,k,c,y,f,b
b,k,c,y,f,b
b,k,c,y,f,b
b,k,c,y,f,b
b,k,c,y,f,b
b,k,c,v,f,b
b,k,c,v,f,b
b,k,c,y,f,b
b,k,c,y,f,b
b,s,c,y,t,b
b,k,c,y,f,b
b,k,c,v,f,b
b,k,c,v,f,b
b,k,c,v,f,b
b,k,c,y,f,b
b,k,c,y,f,b
b,k,c,y,f,b
b,k,c,v,f,b
b,k,c,y,f,b
b,k,c,v,f,b
b,k,c,v,f,b
b,k,c,v,f,b
b,k,c,y,f,b
b,k,c,y,f,b
b,k,c,v,f,b
b,k,c,y,f,b
b,k,c,y,f,b
b,k,c,y,f,b
b,k,c,y,f,b
b,k,c,v,f,b
n,f,c,v,f,?
b,k,c,y,f,b
b,k,c,y,f,b
n,s,c,v,f,?
b,k,c,v,f,b
n,y,c,v,f,?
b,k,c,y,f,b
b,k,c,v,f,b
b,k,c,y,f,b
b,k,c,y,f,b
b,k,c,v,f,b
b,k,c,v,f,b
b,k,c,v,f,b
b,k,c,y,f,b
b,k,c,y,f,b
b,s,c,y,t,b
b,k,c,y,f,b
b,k,c,v,f,b
b,k,c,v,f,b
b,k,c,v,f,b
b,k,c,y,f,b
b,k,c,v,f,b
b,k,c,y,f,b
b,s,c,s,t,b
b,k,c,v,f,b
b,k,c,v,f,b
b,k,c,v,f,b
b,k,c,y,f,b
b,k,c,v,f,b
b,k,c,y,f,b
b,k,c,v,f,b
b,s,c,c,t,?
b,k,c,v,f,b
b,k,c,y,f,b
b,k,c,y,f,b
b,k,c,y,f,b
b,k,c,v,f,b
b,k,c,y,f,b
n,s,w,c,t,b
b,s,c,v,t,b
b,k,c,y,f,b
b,k,c,y,f,b
b,k,c,v,f,b
b,k,c,v,f,b
b,k,c,y,f,b
b,k,c,v,f,b
b,k,c,v,f,b
b,k,c,y,f,b
b,f,c,s,t,b
b,s,c,v,t,b
n,k,c,v,f,?
b,k,c,y,f,b
b,k,c,y,f,b
b,s,c,v,t,b
b,s,c,c,t,?
b,k,c,y,f,b
b,k,c,y,f,b
b,k,c,v,f,b
b,k,c,y,f,b
b,k,c,y,f,b
b,k,c,y,f,b
b,k,c,y,f,b
b,k,c,v,f,b
b,k,c,v,f,b
b,k,c,y,f,b
b,k,c,y,f,b
b,k,c,y,f,b
b,k,c,y,f,b
b,k,c,v,f,b
b,k,c,y,f,b
n,f,c,y,f,?
b,k,c,v,f,b
b,k,c,v,f,b
b,k,c,y,f,b
b,k,c,v,f,b
b,k,c,v,f,b
b,k,c,v,f,b
b,k,c,y,f,b
b,k,c,v,f,b
b,k,c,y,f,b
b,k,c,v,f,b
b,k,c,v,f,b
b,k,c,y,f,b
b,k,c,y,f,b
b,s,c,y,t,b
b,f,c,v,t,b
b,k,c,v,f,b
b,k,c,v,f,b
b,k,c,y,f,b
b,k,c,y,f,b
b,k,c,v,f,b
b,s,c,v,t,b
b,k,c,y,f,b
b,s,c,c,t,?
b,k,c,y,f,b
b,k,c,y,f,b
b,k,c,y,f,b
b,k,c,v,f,b
b,s,c,y,t,b
b,k,c,v,f,b
b,k,c,v,f,b
b,k,c,v,f,b
b,k,c,v,f,b
n,s,c,v,f,?
b,k,c,v,f,b
b,k,c,v,f,b
b,k,c,v,f,b
b,k,c,v,f,b
b,k,c,v,f,b
b,k,c,v,f,b
b,k,c,v,f,b
b,k,c,v,f,b
n,s,c,v,f,b
b,k,c,y,f,b
b,f,c,s,t,b
b,k,c,v,f,b
b,k,c,y,f,b
b,k,c,y,f,b
b,s,c,y,t,b
b,k,c,y,f,b
b,k,c,v,f,b
b,k,c,y,f,b
b,k,c,y,f,b
b,k,c,y,f,b
b,k,c,y,f,b
b,s,c,v,t,b
b,k,c,y,f,b
b,k,c,v,f,b
b,k,c,v,f,b
b,k,c,y,f,b
b,k,c,y,f,b
b,k,c,y,f,b
b,k,c,y,f,b
b,s,c,c,t,?
b,k,c,y,f,b
n,k,c,v,f,?
b,k,c,y,f,b
b,k,c,y,f,b
b,k,c,v,f,b
b,k,c,v,f,b
b,k,c,y,f,b
b,k,c,y,f,b
b,k,c,y,f,b
b,f,c,v,t,b
b,k,c,v,f,b
b,k,c,y,f,b
b,k,c,y,f,b
b,k,c,v,f,b
b,k,c,v,f,b
b,k,c,y,f,b
b,k,c,v,f,b
b,k,c,y,f,b
b,k,c,y,f,b
b,k,c,v,f,b
b,s,c,y,t,b
b,k,c,v,f,b
b,k,c,v,f,b
b,k,c,v,f,b
b,k,c,v,f,b
b,k,c,y,f,b
b,k,c,v,f,b
b,k,c,v,f,b
b,k,c,v,f,b
b,k,c,y,f,b
b,k,c,y,f,b
n,f,w,v,f,b
b,k,c,v,f,b
b,k,c,y,f,b
n,y,c,v,f,?
b,k,c,y,f,b
b,s,c,v,t,b
b,s,c,c,t,?
n,k,c,v,f,?
n,s,w,v,f,b
b,k,c,y,f,b
b,k,c,v,f,b
b,k,c,y,f,b
b,k,c,v,f,b
b,k,c,v,f,b
b,k,c,y,f,b
b,k,c,y,f,b
b,k,c,y,f,b
b,k,c,y,f,b
b,k,c,v,f,b
b,k,c,v,f,b
b,k,c,y,f,b
b,k,c,y,f,b
b,k,c,y,f,b
b,k,c,v,f,b
b,k,c,v,f,b
b,k,c,v,f,b
b,k,c,v,f,b
b,k,c,v,f,b
b,s,c,c,t,?
b,k,c,v,f,b
b,k,c,v,f,b
n,s,c,v,f,?
b,k,c,y,f,b
b,k,c,v,f,b
b,k,c,y,f,b
b,k,c,y,f,b
b,k,c,v,f,b
b,k,c,v,f,b
b,k,c,y,f,b
b,k,c,v,f,b
b,k,c,y,f,b
b,k,c,y,f,b
n,f,c,v,f,?
b,s,c,c,t,?
b,k,c,y,f,b
b,k,c,y,f,b
b,k,c,v,f,b
b,k,c,y,f,b
b,k,c,v,f,b
b,k,c,y,f,b
b,k,c,v,f,b
b,k,c,y,f,b
b,k,c,v,f,b
b,k,c,v,f,b
b,k,c,v,f,b
b,k,c,y,f,b
b,k,c,v,f,b
b,f,c,v,t,b
b,s,c,v,t,b
b,k,c,y,f,b
b,k,c,v,f,b
b,k,c,v,f,b
b,k,c,v,f,b
b,k,c,v,f,b
b,k,c,y,f,b
b,s,c,v,t,b
n,f,c,v,f,?
b,k,c,y,f,b
b,k,c,v,f,b
b,k,c,v,f,b
b,k,c,v,f,b
b,k,c,y,f,b
b,k,c,v,f,b
b,k,c,y,f,b
b,k,c,v,f,b
b,k,c,y,f,b
b,k,c,y,f,b
b,k,c,v,f,b
b,k,c,y,f,b
b,s,c,v,t,b
b,k,c,y,f,b
b,k,c,v,f,b
b,k,c,y,f,b
b,k,c,v,f,b
b,k,c,y,f,b
b,k,c,y,f,b
b,k,c,v,f,b
b,k,c,y,f,b
b,k,c,v,f,b
b,k,c,y,f,b
b,k,c,v,f,b
b,k,c,y,f,b
n,s,c,v,f,b
b,k,c,y,f,b
b,k,c,v,f,b
b,k,c,v,f,b
b,k,c,v,f,b
b,k,c,v,f,b
b,k,c,v,f,b
b,k,c,y,f,b
b,k,c,v,f,b
b,k,c,v,f,b
b,k,c,y,f,b
b,k,c,v,f,b
b,k,c,v,f,b
b,k,c,y,f,b
b,k,c,y,f,b
b,k,c,v,f,b
b,k,c,y,f,b
b,k,c,y,f,b
b,k,c,v,f,b
b,k,c,v,f,b
b,k,c,y,f,b
b,k,c,v,f,b
b,k,c,y,f,b
b,k,c,v,f,b
b,k,c,y,f,b
b,k,c,v,f,b
b,k,c,v,f,b
n,s,c,v,f,?
b,s,c,c,t,?
b,k,c,v,f,b
b,k,c,y,f,b
b,k,c,y,f,b
b,k,c,y,f,b
b,k,c,v,f,b
b,k,c,y,f,b
b,k,c,v,f,b
b,k,c,v,f,b
b,k,c,y,f,b
b,k,c,y,f,b
b,k,c,v,f,b
b,k,c,y,f,b
b,k,c,y,f,b
b,k,c,v,f,b
b,k,c,v,f,b
b,k,c,v,f,b
n,s,c,s,f,b
b,f,c,v,t,b
b,s,c,v,t,b
b,k,c,v,f,b
b,k,c,y,f,b
b,k,c,v,f,b
b,s,c,v,t,b
b,k,c,y,f,b
b,k,c,v,f,b
b,k,c,y,f,b
b,k,c,v,f,b
b,k,c,y,f,b
b,k,c,v,f,b
b,f,c,s,t,b
b,k,c,v,f,b
b,k,c,v,f,b
b,k,c,y,f,b
b,k,c,v,f,b
b,k,c,v,f,b
n,f,c,v,f,?
b,k,c,y,f,b
b,k,c,v,f,b
b,k,c,y,f,b
b,k,c,y,f,b
b,s,c,y,t,b
b,k,c,v,f,b
b,k,c,y,f,b
b,k,c,y,f,b
b,k,c,y,f,b
b,k,c,v,f,b
b,k,c,v,f,b
b,k,c,v,f,b
b,k,c,v,f,b
b,f,c,s,t,b
b,s,c,c,t,?
n,f,c,y,f,?
b,k,c,v,f,b
b,k,c,y,f,b
b,k,c,y,f,b
b,k,c,y,f,b
b,k,c,y,f,b
b,k,c,y,f,b
b,k,c,y,f,b
b,k,c,y,f,b
b,k,c,y,f,b
b,s,c,c,t,?
b,k,c,y,f,b
b,k,c,y,f,b
b,k,c,y,f,b
b,k,c,v,f,b
b,k,c,y,f,b
b,k,c,y,f,b
b,k,c,y,f,b
b,k,c,y,f,b
b,k,c,y,f,b
b,k,c,y,f,b
b,k,c,y,f,b
b,k,c,y,f,b
b,k,c,v,f,b
b,k,c,v,f,b
b,k,c,y,f,b
b,k,c,v,f,b
b,k,c,y,f,b
b,k,c,v,f,b
b,k,c,y,f,b
b,k,c,y,f,b
b,k,c,v,f,b
b,k,c,v,f,b
b,s,c,y,t,b
b,k,c,y,f,b
b,k,c,y,f,b
b,f,c,s,t,b
b,k,c,v,f,b
b,k,c,v,f,b
n,s,c,s,f,b
b,k,c,y,f,b
b,s,c,s,t,b
b,k,c,y,f,b
b,k,c,y,f,b
b,k,c,y,f,b
b,s,c,v,t,b
b,f,c,v,t,b
b,k,c,v,f,b
b,k,c,y,f,b
b,k,c,v,f,b
b,k,c,y,f,b
b,k,c,v,f,b
b,k,c,y,f,b
b,k,c,v,f,b
n,f,c,v,f,?
b,k,c,y,f,b
b,s,c,v,t,b
b,k,c,y,f,b
b,k,c,v,f,b
n,s,c,v,f,?
b,k,c,y,f,b
b,k,c,y,f,b
b,k,c,y,f,b
b,k,c,v,f,b
b,k,c,y,f,b
b,k,c,y,f,b
b,k,c,y,f,b
b,k,c,v,f,b
b,k,c,y,f,b
b,s,c,y,t,b
b,k,c,v,f,b
b,s,c,y,t,b
b,k,c,y,f,b
b,k,c,y,f,b
b,k,c,y,f,b
b,k,c,y,f,b
b,k,c,v,f,b
b,k,c,v,f,b
b,k,c,y,f,b
b,k,c,y,f,b
b,k,c,v,f,b
b,k,c,y,f,b
b,k,c,v,f,b
b,k,c,y,f,b
b,k,c,y,f,b
b,k,c,v,f,b
n,s,w,s,f,b
b,k,c,v,f,b
b,k,c,v,f,b
b,k,c,y,f,b
b,k,c,v,f,b
b,k,c,v,f,b
b,k,c,y,f,b
b,k,c,v,f,b
b,k,c,v,f,b
b,k,c,v,f,b
b,k,c,y,f,b
b,k,c,y,f,b
b,k,c,v,f,b
b,k,c,y,f,b
b,k,c,v,f,b
b,k,c,y,f,b
b,k,c,v,f,b
b,k,c,y,f,b
b,k,c,y,f,b
b,k,c,v,f,b
b,k,c,v,f,b
b,k,c,v,f,b
b,k,c,y,f,b
b,k,c,v,f,b
b,k,c,v,f,b
b,k,c,v,f,b
b,k,c,y,f,b
b,k,c,v,f,b
b,s,c,c,t,?
b,k,c,v,f,b
n,s,w,v,f,b
b,k,c,y,f,b
b,k,c,y,f,b
b,k,c,y,f,b
b,s,c,y,t,b
b,k,c,v,f,b
b,k,c,y,f,b
b,k,c,v,f,b
b,k,c,y,f,b
b,s,c,v,t,b
b,k,c,y,f,b
b,k,c,v,f,b
b,k,c,v,f,b
b,k,c,y,f,b
b,k,c,y,f,b
b,k,c,v,f,b
b,k,c,v,f,b
b,k,c,y,f,b
b,k,c,y,f,b
b,k,c,y,f,b
b,s,c,y,t,b
b,s,c,s,t,b
n,k,c,v,f,?
b,f,c,v,t,b
b,k,c,y,f,b
b,k,c,v,f,b
b,k,c,v,f,b
b,s,c,c,t,?
b,k,c,v,f,b
b,k,c,v,f,b
b,k,c,y,f,b
b,k,c,y,f,b
b,k,c,y,f,b
b,s,c,c,t,?
b,k,c,v,f,b
n,y,c,v,f,?
b,k,c,v,f,b
b,k,c,v,f,b
n,k,c,v,f,?
b,k,c,v,f,b
b,k,c,y,f,b
b,f,c,v,t,b
b,k,c,v,f,b
b,k,c,y,f,b
b,k,c,y,f,b
b,s,c,c,t,?
b,k,c,v,f,b
n,y,c,v,f,?
b,k,c,v,f,b
b,f,c,s,t,b
b,k,c,v,f,b
b,k,c,v,f,b
b,s,c,c,t,?
b,k,c,v,f,b
b,k,c,v,f,b
n,s,w,v,f,b
n,s,c,v,f,b
b,k,c,y,f,b
b,k,c,v,f,b
b,k,c,y,f,b
b,k,c,v,f,b
b,s,c,v,t,b
b,f,c,v,t,b
b,s,c,y,t,b
b,s,c,v,t,b
b,s,c,c,t,?
b,f,c,v,t,b
b,s,c,c,t,?
b,k,c,y,f,b
b,s,c,v,t,b
b,k,c,v,f,b
b,k,c,v,f,b
b,k,c,v,f,b
b,k,c,y,f,b
b,k,c,v,f,b
b,k,c,y,f,b
b,k,c,y,f,b
b,k,c,y,f,b
b,k,c,v,f,b
b,s,c,c,t,?
b,s,c,c,t,?
b,s,c,c,t,?
b,k,c,v,f,b
b,s,c,v,t,b
b,k,c,y,f,b
b,k,c,y,f,b
b,f,c,v,t,b
b,k,c,v,f,b
b,k,c,y,f,b
b,k,c,v,f,b
n,k,c,v,f,?
b,k,c,v,f,b
b,s,c,c,t,?
b,s,c,v,t,b
b,k,c,y,f,b
b,k,c,v,f,b
b,k,c,y,f,b
b,s,c,v,t,b
b,k,c,v,f,b
b,k,c,y,f,b
b,k,c,v,f,b
b,k,c,y,f,b
b,k,c,v,f,b
b,s,c,v,t,b
b,k,c,y,f,b
n,s,c,v,f,?
b,k,c,y,f,b
b,k,c,v,f,b
b,k,c,y,f,b
b,s,c,c,t,?
b,s,c,s,t,b
b,k,c,y,f,b
b,k,c,v,f,b
b,k,c,v,f,b
b,s,c,s,t,b
n,s,c,v,f,b
b,k,c,y,f,b
b,k,c,y,f,b
b,k,c,y,f,b
n,f,c,y,f,?
n,f,c,v,f,?
b,k,c,v,f,b
b,k,c,y,f,b
b,k,c,y,f,b
n,k,c,v,f,?
n,k,c,v,f,?
b,k,c,y,f,b
b,k,c,v,f,b
b,k,c,y,f,b
b,k,c,y,f,b
b,k,c,v,f,b
b,k,c,y,f,b
b,s,c,c,t,?
b,k,c,y,f,b
b,k,c,y,f,b
b,s,c,s,t,b
b,k,c,v,f,b
b,k,c,y,f,b
b,k,c,y,f,b
b,f,c,v,t,b
b,k,c,y,f,b
b,k,c,v,f,b
n,s,c,v,f,b
b,k,c,y,f,b
b,s,c,y,t,b
b,k,c,y,f,b
b,k,c,y,f,b
b,s,c,c,t,?
b,k,c,v,f,b
b,k,c,v,f,b
b,k,c,y,f,b
n,f,w,v,f,b
b,s,c,c,t,?
b,k,c,v,f,b
b,k,c,v,f,b
b,f,c,v,t,b
b,k,c,y,f,b
b,k,c,v,f,b
b,k,c,v,f,b
n,k,c,v,f,?
b,s,c,c,t,?
b,k,c,y,f,b
b,k,c,v,f,b
b,k,c,y,f,b
b,k,c,v,f,b
b,k,c,v,f,b
b,s,c,c,t,?
n,y,c,v,f,?
b,k,c,y,f,b
b,k,c,y,f,b
b,k,c,v,f,b
b,f,c,v,t,b
b,s,c,c,t,?
b,f,c,s,t,b
b,k,c,y,f,b
b,k,c,v,f,b
b,k,c,v,f,b
b,k,c,y,f,b
b,k,c,v,f,b
b,s,c,v,t,b
b,k,c,y,f,b
b,k,c,y,f,b
b,k,c,y,f,b
b,k,c,y,f,b
b,f,c,s,t,b
b,s,c,c,t,?
b,s,c,c,t,?
b,s,c,c,t,?
b,s,c,v,t,b
b,k,c,v,f,b
b,k,c,v,f,b
b,k,c,v,f,b
b,k,c,y,f,b
b,k,c,y,f,b
b,k,c,v,f,b
b,k,c,y,f,b
b,k,c,v,f,b
b,k,c,v,f,b
b,k,c,y,f,b
b,k,c,v,f,b
b,k,c,y,f,b
b,k,c,v,f,b
b,k,c,y,f,b
b,k,c,v,f,b
b,k,c,y,f,b
n,f,c,y,f,?
b,k,c,v,f,b
n,s,c,v,f,?
b,k,c,v,f,b
b,k,c,y,f,b
b,k,c,v,f,b
b,k,c,v,f,b
b,k,c,y,f,b
b,k,c,v,f,b
b,s,c,c,t,?
b,k,c,y,f,b
b,k,c,v,f,b
b,s,c,c,t,?
b,k,c,y,f,b
b,k,c,v,f,b
n,k,c,v,f,?
b,k,c,v,f,b
n,y,c,v,f,?
b,s,c,v,t,b
b,k,c,v,f,b
b,k,c,y,f,b
n,f,c,y,f,?
b,k,c,v,f,b
b,k,c,y,f,b
b,k,c,y,f,b
b,k,c,y,f,b
b,s,c,c,t,?
b,k,c,v,f,b
b,k,c,v,f,b
b,k,c,v,f,b
b,k,c,v,f,b
b,s,c,c,t,?
b,k,c,y,f,b
b,k,c,v,f,b
b,k,c,v,f,b
b,k,c,v,f,b
b,f,c,v,t,b
n,s,c,v,f,b
b,k,c,y,f,b
n,f,c,v,f,?
b,k,c,y,f,b
b,k,c,y,f,b
b,k,c,v,f,b
b,k,c,v,f,b
b,s,c,s,t,b
b,k,c,y,f,b
b,k,c,y,f,b
b,k,c,y,f,b
b,k,c,v,f,b
b,k,c,v,f,b
b,k,c,y,f,b
b,k,c,y,f,b
b,k,c,y,f,b
b,k,c,v,f,b
b,k,c,y,f,b
b,k,c,y,f,b
b,k,c,v,f,b
n,k,c,v,f,?
b,k,c,y,f,b
b,k,c,v,f,b
b,s,c,v,t,b
b,k,c,v,f,b
b,k,c,y,f,b
b,k,c,y,f,b
b,k,c,v,f,b
b,k,c,y,f,b
b,k,c,v,f,b
n,k,c,v,f,?
b,s,c,c,t,?
b,s,c,c,t,?
b,k,c,y,f,b
b,k,c,y,f,b
b,k,c,y,f,b
b,k,c,y,f,b
b,f,c,s,t,b
b,k,c,v,f,b
b,f,c,s,t,b
b,k,c,v,f,b
b,k,c,y,f,b
b,f,c,s,t,b
b,f,c,s,t,b
b,s,c,s,t,b
b,k,c,y,f,b
b,k,c,y,f,b
b,k,c,v,f,b
b,k,c,v,f,b
n,f,c,y,f,?
b,s,c,c,t,?
b,k,c,v,f,b
b,k,c,v,f,b
n,s,c,v,f,?
b,k,c,v,f,b
b,k,c,y,f,b
b,k,c,v,f,b
b,k,c,y,f,b
b,s,c,y,t,b
b,k,c,y,f,b
b,k,c,v,f,b
b,k,c,v,f,b
b,k,c,y,f,b
b,k,c,y,f,b
n,y,c,v,f,?
b,k,c,y,f,b
n,s,w,v,f,b
b,k,c,v,f,b
b,k,c,y,f,b
b,k,c,v,f,b
b,k,c,v,f,b
b,k,c,v,f,b
b,k,c,v,f,b
b,k,c,y,f,b
b,k,c,v,f,b
b,k,c,y,f,b
b,s,c,v,t,b
b,s,c,c,t,?
b,k,c,v,f,b
b,k,c,v,f,b
b,s,c,c,t,?
b,k,c,y,f,b
b,s,c,s,t,b
n,k,c,v,f,?
n,k,c,v,f,?
n,k,c,v,f,?
n,s,w,c,t,b
b,s,c,v,t,b
n,s,w,v,f,b
b,k,c,y,f,b
b,k,c,v,f,b
b,k,c,y,f,b
b,s,c,c,t,?
b,s,c,v,t,b
b,f,c,s,t,b
n,s,c,v,f,?
n,f,w,v,f,b
b,f,c,s,t,b
b,f,c,v,t,b
b,f,c,v,t,b
b,s,c,v,t,b
n,s,w,v,f,b
b,k,c,v,f,b
b,f,c,v,t,b
b,s,c,s,t,b
n,s,w,c,t,b
b,f,c,s,t,b
n,s,w,c,t,b
b,s,c,v,t,b
b,f,c,s,t,b
n,y,c,v,f,?
n,s,c,v,f,?
n,s,c,v,f,?
b,s,c,c,t,?
b,s,c,c,t,?
b,s,c,v,t,b
b,s,c,v,t,b
b,k,c,y,f,b
b,k,c,y,f,b
b,s,c,v,t,b
n,s,c,v,f,?
n,k,c,v,f,?
b,k,c,y,f,b
b,s,c,c,t,?
n,k,c,v,f,?
b,k,c,y,f,b
n,s,c,v,f,?
n,f,w,v,f,b
n,k,c,v,f,?
b,s,c,c,t,?
b,s,c,c,t,?
b,k,c,y,f,b
b,s,c,v,t,b
n,y,c,v,f,?
n,k,c,v,f,?
b,s,c,s,t,b
b,s,c,v,t,b
b,k,c,y,f,b
b,f,c,v,t,b
n,k,c,v,f,?
b,s,c,v,t,b
n,y,c,v,f,?
b,s,c,c,t,?
b,f,c,s,t,b
b,s,c,s,t,b
b,s,c,c,t,?
b,k,c,y,f,b
n,y,c,v,f,?
b,s,c,c,t,?
b,k,c,y,f,b
b,s,c,v,t,b
b,s,c,s,t,b
b,k,c,v,f,b
b,k,c,v,f,b
b,s,c,c,t,?
b,s,c,c,t,?
b,s,c,v,t,b
n,f,w,v,f,b
b,s,c,c,t,?
b,s,c,v,t,b
b,s,c,v,t,b
b,k,c,y,f,b
b,s,c,v,t,b
b,s,c,s,t,b
n,f,w,v,f,b
n,s,c,v,f,?
b,k,c,y,f,b
n,f,c,v,f,?
b,k,c,v,f,b
b,s,c,v,t,b
b,s,c,v,t,b
n,s,c,v,f,?
b,s,c,c,t,?
n,k,c,v,f,?
b,k,c,v,f,b
b,f,c,s,t,b
b,s,c,c,t,?
b,k,c,v,f,b
b,k,c,v,f,b
b,k,c,y,f,b
b,f,c,s,t,b
n,s,c,v,f,?
b,k,c,v,f,b
b,k,c,v,f,b
n,y,c,v,f,?
b,s,c,c,t,?
b,k,c,v,f,b
n,s,c,v,f,?
b,f,c,s,t,b
b,s,c,c,t,?
b,k,c,v,f,b
n,s,c,v,f,?
b,s,c,v,t,b
b,s,c,v,t,b
b,s,c,v,t,b
b,s,c,c,t,?
b,s,c,v,t,b
n,s,c,v,f,?
b,s,c,c,t,?
b,k,c,y,f,b
b,s,c,c,t,?
b,f,c,s,t,b
b,s,c,c,t,?
n,y,c,v,f,?
b,f,c,v,t,b
n,s,c,v,f,?
n,k,c,v,f,?
b,s,c,s,t,b
n,s,c,v,f,?
b,s,c,c,t,?
n,f,w,v,f,b
b,k,c,v,f,b
b,s,c,c,t,?
b,k,c,y,f,b
b,k,c,v,f,b
b,f,c,v,t,b
n,s,w,c,t,b
n,f,w,v,f,b
n,y,c,v,f,?
b,f,c,s,t,b
n,y,c,v,f,?
b,k,c,v,f,b
b,s,c,c,t,?
b,k,c,v,f,b
n,s,c,v,f,?
b,k,c,y,f,b
b,k,c,v,f,b
b,s,c,v,t,b
b,k,c,y,f,b
b,f,c,v,t,b
b,s,c,v,t,b
b,s,c,c,t,?
b,k,c,v,f,b
b,f,c,s,t,b
b,s,c,v,t,b
b,f,c,v,t,b
b,s,c,c,t,?
b,s,c,s,t,b
n,y,c,v,f,?
b,s,c,v,t,b
b,k,c,y,f,b
n,y,c,v,f,?
b,f,c,s,t,b
b,s,c,c,t,?
n,s,c,v,f,?
n,s,c,v,f,?
n,s,c,v,f,?
b,s,c,v,t,b
b,s,c,c,t,?
b,k,c,y,f,b
b,s,c,c,t,?
b,s,c,s,t,b
n,s,w,v,f,b
n,s,c,v,f,?
b,s,c,v,t,b
b,s,c,v,t,b
n,y,c,v,f,?
b,s,c,v,t,b
b,k,c,y,f,b
b,s,c,c,t,?
n,s,w,c,t,b
b,s,c,v,t,b
n,f,c,y,f,?
n,f,c,v,f,?
b,s,c,c,t,?
b,s,c,v,t,b
n,k,c,v,f,?
b,k,c,y,f,b
b,s,c,s,t,b
b,s,c,s,t,b
b,s,c,c,t,?
n,k,c,v,f,?
b,k,c,y,f,b
b,k,c,y,f,b
b,s,c,c,t,?
b,f,c,s,t,b
n,s,c,v,f,?
b,s,c,s,t,b
n,s,w,v,f,b
b,s,c,v,t,b
b,k,c,v,f,b
n,f,c,y,f,?
b,k,c,v,f,b
n,k,c,v,f,?
n,s,c,v,f,?
b,s,c,c,t,?
b,f,c,v,t,b
b,s,c,c,t,?
b,s,c,c,t,?
n,k,c,v,f,?
n,y,c,v,f,?
n,s,c,v,f,?
b,s,c,c,t,?
b,s,c,v,t,b
b,k,c,v,f,b
b,s,c,c,t,?
b,s,c,v,t,b
n,f,w,v,f,b
b,k,c,v,f,b
b,s,c,s,t,b
n,s,c,v,f,?
b,s,c,s,t,b
b,f,c,s,t,b
n,s,c,v,f,?
n,f,c,v,f,?
n,s,c,v,f,?
b,k,c,v,f,b
n,s,c,v,f,?
b,s,c,v,t,b
b,k,c,v,f,b
b,f,c,s,t,b
n,y,c,v,f,?
b,f,c,v,t,b
b,f,c,v,t,b
n,s,w,v,f,b
b,s,c,v,t,b
n,k,c,v,f,?
b,s,c,v,t,b
b,k,c,y,f,b
b,s,c,c,t,?
b,s,c,v,t,b
n,y,c,v,f,?
b,k,c,y,f,b
n,f,w,v,f,b
n,s,w,v,f,b
n,k,c,v,f,?
b,s,c,v,t,b
b,f,c,s,t,b
b,s,c,v,t,b
b,f,c,s,t,b
n,f,c,v,f,?
b,k,c,y,f,b
b,s,c,s,t,b
n,s,c,v,f,?
b,k,c,y,f,b
b,f,c,v,t,b
b,s,c,s,t,b
b,k,c,y,f,b
b,k,c,y,f,b
n,s,c,v,f,?
n,y,c,v,f,?
b,s,c,c,t,?
b,k,c,y,f,b
b,f,c,s,t,b
n,s,c,v,f,?
b,k,c,v,f,b
b,k,c,y,f,b
b,s,c,s,t,b
b,s,c,v,t,b
b,k,c,y,f,b
b,s,c,c,t,?
b,s,c,s,t,b
b,s,c,s,t,b
b,f,c,s,t,b
n,s,c,v,f,?
b,s,c,v,t,b
b,s,c,s,t,b
b,s,c,c,t,?
n,k,c,v,f,?
b,k,c,v,f,b
b,f,c,v,t,b
b,s,c,c,t,?
b,s,c,v,t,b
n,f,w,v,f,b
b,s,c,c,t,?
n,f,w,v,f,b
b,s,c,c,t,?
b,s,c,v,t,b
b,s,c,c,t,?
b,s,c,c,t,?
b,f,c,v,t,b
b,s,c,c,t,?
b,f,c,v,t,b
n,y,c,v,f,?
b,s,c,s,t,b
b,k,c,v,f,b
b,k,c,y,f,b
n,y,c,v,f,?
b,k,c,y,f,b
b,k,c,v,f,b
n,s,w,v,f,b
n,k,c,v,f,?
b,s,c,s,t,b
n,k,c,v,f,?
b,s,c,v,t,b
b,k,c,y,f,b
b,f,c,s,t,b
b,k,c,v,f,b
b,s,c,s,t,b
b,s,c,s,t,b
n,k,c,v,f,?
b,k,c,v,f,b
b,s,c,c,t,?
b,k,c,v,f,b
b,s,c,c,t,?
b,s,c,c,t,?
b,s,c,c,t,?
b,s,c,v,t,b
b,k,c,v,f,b
b,s,c,c,t,?
b,s,c,c,t,?
b,k,c,v,f,b
b,s,c,v,t,b
b,f,c,s,t,b
b,s,c,s,t,b
b,s,c,s,t,b
b,k,c,y,f,b
b,s,c,s,t,b
b,s,c,s,t,b
n,f,c,y,f,?
b,k,c,v,f,b
n,k,c,v,f,?
b,s,c,s,t,b
n,s,w,v,f,b
b,s,c,v,t,b
n,f,c,y,f,?
b,k,c,v,f,b
b,k,c,v,f,b
b,s,c,v,t,b
n,k,c,v,f,?
n,k,c,v,f,?
b,k,c,v,f,b
b,s,c,c,t,?
b,f,c,s,t,b
b,f,c,v,t,b
n,s,c,v,f,?
b,s,c,s,t,b
n,s,c,v,f,?
b,f,c,s,t,b
b,s,c,v,t,b
b,f,c,s,t,b
b,k,c,v,f,b
b,k,c,v,f,b
b,k,c,y,f,b
b,k,c,y,f,b
b,f,c,s,t,b
b,f,c,s,t,b
b,s,c,s,t,b
b,k,c,y,f,b
b,f,c,s,t,b
n,k,c,v,f,?
b,s,c,s,t,b
b,s,c,c,t,?
b,s,c,v,t,b
n,s,c,v,f,?
b,s,c,c,t,?
b,s,c,v,t,b
b,s,c,v,t,b
n,k,c,v,f,?
b,s,c,s,t,b
n,s,c,v,f,?
b,s,c,v,t,b
n,s,c,v,f,?
b,k,c,v,f,b
b,k,c,v,f,b
b,k,c,v,f,b
b,s,c,v,t,b
b,f,c,s,t,b
b,s,c,c,t,?
b,s,c,v,t,b
b,s,c,c,t,?
b,f,c,s,t,b
n,s,c,v,f,?
b,k,c,v,f,b
b,k,c,v,f,b
b,k,c,y,f,b
b,s,c,c,t,?
b,k,c,v,f,b
n,k,c,v,f,?
b,f,c,v,t,b
b,k,c,y,f,b
b,s,c,c,t,?
b,s,c,v,t,b
b,s,c,v,t,b
b,k,c,y,f,b
b,k,c,v,f,b
n,f,c,v,f,?
b,f,c,s,t,b
b,f,c,s,t,b
b,s,c,s,t,b
n,k,c,v,f,?
b,s,c,c,t,?
b,s,c,c,t,?
b,s,c,c,t,?
b,s,c,v,t,b
b,k,c,y,f,b
n,k,c,v,f,?
n,s,w,c,t,b
b,f,c,v,t,b
b,f,c,s,t,b
n,k,c,v,f,?
b,s,c,s,t,b
n,s,c,v,f,?
b,s,c,c,t,?
n,f,c,y,f,?
b,k,c,y,f,b
n,k,c,v,f,?
b,k,c,y,f,b
n,s,c,v,f,?
b,f,c,v,t,b
n,k,c,v,f,?
n,f,w,v,f,b
b,s,c,v,t,b
b,k,c,y,f,b
b,s,c,c,t,?
b,s,c,v,t,b
b,k,c,v,f,b
n,f,c,v,f,?
n,s,c,v,f,?
n,k,c,v,f,?
b,f,c,v,t,b
b,k,c,v,f,b
n,s,c,v,f,?
b,s,c,c,t,?
n,k,c,v,f,?
b,s,c,c,t,?
b,s,c,c,t,?
b,s,c,c,t,?
b,f,c,v,t,b
b,s,c,c,t,?
b,k,c,y,f,b
b,k,c,y,f,b
b,k,c,y,f,b
b,s,c,c,t,?
b,f,c,v,t,b
n,s,w,v,f,b
n,s,w,v,f,b
b,s,c,v,t,b
n,k,c,v,f,?
b,f,c,s,t,b
n,f,c,v,f,?
b,f,c,s,t,b
n,f,c,y,f,?
n,k,c,v,f,?
b,s,c,v,t,b
b,s,c,c,t,?
b,s,c,c,t,?
n,s,c,v,f,?
n,k,c,v,f,?
b,s,c,v,t,b
b,k,c,v,f,b
b,s,c,c,t,?
b,s,c,c,t,?
b,f,c,v,t,b
b,k,c,v,f,b
b,s,c,v,t,b
b,k,c,v,f,b
b,f,c,v,t,b
b,s,c,c,t,?
b,s,c,c,t,?
b,s,c,v,t,b
b,k,c,v,f,b
n,k,c,v,f,?
b,f,c,s,t,b
b,s,c,v,t,b
n,s,c,v,f,?
b,s,c,v,t,b
n,s,w,v,f,b
n,s,c,v,f,?
b,s,c,s,t,b
n,k,c,v,f,?
n,s,w,v,f,b
n,k,c,v,f,?
b,s,c,s,t,b
n,s,c,v,f,?
n,f,c,y,f,?
b,s,c,v,t,b
b,s,c,c,t,?
n,k,c,v,f,?
n,k,c,v,f,?
b,f,c,v,t,b
b,k,c,v,f,b
b,s,c,v,t,b
n,k,c,v,f,?
n,s,c,v,f,?
b,s,c,c,t,?
b,s,c,v,t,b
n,f,w,v,f,b
n,f,c,y,f,?
n,k,c,v,f,?
n,s,w,v,f,b
n,s,c,v,f,?
n,s,c,v,f,?
b,s,c,c,t,?
b,s,c,v,t,b
n,s,c,v,f,?
b,k,c,v,f,b
n,f,w,v,f,b
b,s,c,v,t,b
b,s,c,v,t,b
b,k,c,y,f,b
b,s,c,c,t,?
b,k,c,y,f,b
n,s,c,v,f,?
n,k,c,v,f,?
b,k,c,v,f,b
b,s,c,v,t,b
b,f,c,v,t,b
b,s,c,c,t,?
n,f,w,v,f,b
b,s,c,v,t,b
b,s,c,c,t,?
b,s,c,c,t,?
b,s,c,c,t,?
b,k,c,y,f,b
b,s,c,v,t,b
b,k,c,v,f,b
b,s,c,c,t,?
b,s,c,v,t,b
n,s,w,v,f,b
b,k,c,v,f,b
b,k,c,v,f,b
b,s,c,v,t,b
n,s,c,v,f,?
b,k,c,y,f,b
b,k,c,v,f,b
b,s,c,v,t,b
b,s,c,c,t,?
b,k,c,v,f,b
b,s,c,c,t,?
n,y,c,v,f,?
b,k,c,y,f,b
b,k,c,v,f,b
n,s,c,v,f,?
b,s,c,c,t,?
b,s,c,v,t,b
b,f,c,s,t,b
b,k,c,y,f,b
b,s,c,c,t,?
b,k,c,y,f,b
b,k,c,y,f,b
b,s,c,c,t,?
b,s,c,c,t,?
b,k,c,v,f,b
b,f,c,v,t,b
b,k,c,v,f,b
b,f,c,s,t,b
b,s,c,v,t,b
n,y,c,v,f,?
b,f,c,s,t,b
b,s,c,c,t,?
b,k,c,y,f,b
b,f,c,s,t,b
n,s,w,v,f,b
b,k,c,y,f,b
n,f,w,v,f,b
b,k,c,y,f,b
n,k,c,v,f,?
b,s,c,c,t,?
b,f,c,v,t,b
b,k,c,y,f,b
b,k,c,y,f,b
n,k,c,v,f,?
n,f,c,y,f,?
b,k,c,y,f,b
b,f,c,v,t,b
b,f,c,v,t,b
b,s,c,s,t,b
b,s,c,c,t,?
n,y,c,v,f,?
n,f,c,v,f,?
n,s,c,v,f,?
b,s,c,c,t,?
b,s,c,v,t,b
b,k,c,v,f,b
b,s,c,c,t,?
n,s,w,v,f,b
b,f,c,v,t,b
b,k,c,v,f,b
n,k,c,v,f,?
b,s,c,c,t,?
b,s,c,c,t,?
b,k,c,v,f,b
n,k,c,v,f,?
b,s,c,c,t,?
b,k,c,y,f,b
n,s,c,v,f,?
b,s,c,c,t,?
b,k,c,v,f,b
b,k,c,v,f,b
b,k,c,y,f,b
n,s,w,v,f,b
b,s,c,v,t,b
b,s,c,c,t,?
b,f,c,v,t,b
b,s,c,v,t,b
b,k,c,v,f,b
b,s,c,s,t,b
n,k,c,v,f,?
b,f,c,v,t,b
b,s,c,c,t,?
b,s,c,v,t,b
n,k,c,v,f,?
n,f,c,v,f,?
b,s,c,c,t,?
b,s,c,v,t,b
n,s,w,c,t,b
b,s,c,s,t,b
n,s,c,v,f,?
b,s,c,c,t,?
n,s,c,v,f,?
n,s,c,v,f,?
b,f,c,s,t,b
b,s,c,c,t,?
b,s,c,s,t,b
b,s,c,v,t,b
n,s,w,v,f,b
b,s,c,v,t,b
b,s,c,v,t,b
b,k,c,v,f,b
b,s,c,c,t,?
b,s,c,c,t,?
n,f,c,v,f,?
b,s,c,c,t,?
b,f,c,v,t,b
n,k,c,v,f,?
b,s,c,c,t,?
b,s,c,v,t,b
b,f,c,s,t,b
b,s,c,v,t,b
b,s,c,c,t,?
b,f,c,s,t,b
b,s,c,c,t,?
b,s,c,v,t,b
n,s,c,v,f,?
b,k,c,v,f,b
b,f,c,s,t,b
n,f,w,v,f,b
b,f,c,v,t,b
b,s,c,v,t,b
b,s,c,v,t,b
b,s,c,v,t,b
b,f,c,s,t,b
b,s,c,c,t,?
n,k,c,v,f,?
b,k,c,v,f,b
b,s,c,c,t,?
n,s,c,v,f,?
b,s,c,s,t,b
b,s,c,v,t,b
n,s,c,v,f,?
b,f,c,v,t,b
b,s,c,v,t,b
n,f,c,y,f,?
b,s,c,s,t,b
b,s,c,s,t,b
n,f,c,v,f,?
n,k,c,v,f,?
b,s,c,c,t,?
n,k,c,v,f,?
n,k,c,v,f,?
b,f,c,s,t,b
n,f,c,y,f,?
b,s,c,v,t,b
b,f,c,v,t,b
n,f,w,v,f,b
n,f,c,v,f,?
b,f,c,v,t,b
n,f,c,v,f,?
n,k,c,v,f,?
b,s,c,c,t,?
b,s,c,v,t,b
n,y,c,v,f,?
b,k,c,y,f,b
b,f,c,v,t,b
b,k,c,v,f,b
b,s,c,c,t,?
b,s,c,v,t,b
b,s,c,v,t,b
n,k,c,v,f,?
b,s,c,v,t,b
b,k,c,y,f,b
b,s,c,v,t,b
n,f,w,v,f,b
b,k,c,y,f,b
b,k,c,v,f,b
b,k,c,v,f,b
b,f,c,s,t,b
n,k,c,v,f,?
n,y,c,v,f,?
n,k,c,v,f,?
b,f,c,s,t,b
b,k,c,y,f,b
n,s,w,v,f,b
b,s,c,s,t,b
b,f,c,v,t,b
b,s,c,c,t,?
b,s,c,s,t,b
b,k,c,v,f,b
n,k,c,v,f,?
b,s,c,v,t,b
b,s,c,s,t,b
b,k,c,v,f,b
n,s,w,v,f,b
n,k,c,v,f,?
b,s,c,c,t,?
n,s,c,v,f,?
b,f,c,s,t,b
n,k,c,v,f,?
b,s,c,c,t,?
b,k,c,v,f,b
b,f,c,v,t,b
b,s,c,c,t,?
b,k,c,v,f,b
b,k,c,v,f,b
b,s,c,c,t,?
b,f,c,v,t,b
b,s,c,c,t,?
b,k,c,y,f,b
b,f,c,s,t,b
n,k,c,v,f,?
b,k,c,y,f,b
b,s,c,v,t,b
n,s,c,v,f,?
n,f,c,v,f,?
n,f,c,y,f,?
n,s,c,v,f,?
b,s,c,s,t,b
n,f,c,v,f,?
b,s,c,v,t,b
b,k,c,v,f,b
b,f,c,v,t,b
b,k,c,y,f,b
b,k,c,v,f,b
b,k,c,y,f,b
b,f,c,s,t,b
n,f,c,v,f,?
b,s,c,s,t,b
b,s,c,c,t,?
n,k,c,v,f,?
b,f,c,s,t,b
b,k,c,y,f,b
b,s,c,v,t,b
n,k,c,v,f,?
b,s,c,v,t,b
b,k,c,y,f,b
b,k,c,y,f,b
b,s,c,c,t,?
b,s,c,c,t,?
n,s,c,v,f,?
b,s,c,c,t,?
b,s,c,v,t,b
b,s,c,c,t,?
n,k,c,v,f,?
b,s,c,c,t,?
b,s,c,s,t,b
b,s,c,v,t,b
n,k,c,v,f,?
n,s,c,v,f,?
b,k,c,y,f,b
n,k,c,v,f,?
n,k,c,v,f,?
b,s,c,v,t,b
b,s,c,c,t,?
n,f,c,y,f,?
b,k,c,y,f,b
b,f,c,v,t,b
n,k,c,v,f,?
b,f,c,v,t,b
b,f,c,v,t,b
b,k,c,y,f,b
b,s,c,v,t,b
b,s,c,c,t,?
n,k,c,v,f,?
b,k,c,v,f,b
b,s,c,c,t,?
b,f,c,v,t,b
b,f,c,v,t,b
b,s,c,s,t,b
b,k,c,y,f,b
n,s,c,v,f,?
b,f,c,v,t,b
b,s,c,c,t,?
b,s,c,c,t,?
n,f,c,v,f,?
b,s,c,s,t,b
b,s,c,s,t,b
b,s,c,c,t,?
b,k,c,y,f,b
n,k,c,v,f,?
b,s,c,v,t,b
b,k,c,y,f,b
n,s,w,v,f,b
b,k,c,y,f,b
b,s,c,s,t,b
b,s,c,c,t,?
b,s,c,c,t,?
b,f,c,v,t,b
b,k,c,y,f,b
b,f,c,s,t,b
b,k,c,v,f,b
b,s,c,s,t,b
b,s,c,c,t,?
b,s,c,c,t,?
b,k,c,y,f,b
b,s,c,c,t,?
b,s,c,c,t,?
b,f,c,v,t,b
b,s,c,v,t,b
b,k,c,v,f,b
b,f,c,v,t,b
b,s,c,v,t,b
b,k,c,v,f,b
b,k,c,y,f,b
b,k,c,y,f,b
b,k,c,v,f,b
b,s,c,v,t,b
n,s,c,v,f,?
b,s,c,v,t,b
b,s,c,c,t,?
n,s,c,v,f,?
n,s,c,v,f,?
n,s,c,v,f,?
b,s,c,s,t,b
n,y,c,v,f,?
b,f,c,v,t,b
b,s,c,c,t,?
b,s,c,c,t,?
b,s,c,c,t,?
b,s,c,v,t,b
b,f,c,v,t,b
b,s,c,s,t,b
b,k,c,v,f,b
n,s,c,v,f,?
b,s,c,v,t,b
b,f,c,v,t,b
b,s,c,v,t,b
n,f,c,y,f,?
n,s,w,v,f,b
b,k,c,v,f,b
b,f,c,v,t,b
b,k,c,v,f,b
b,s,c,c,t,?
b,k,c,y,f,b
n,y,c,v,f,?
n,s,c,v,f,?
b,k,c,y,f,b
b,k,c,y,f,b
b,s,c,s,t,b
n,k,c,v,f,?
b,s,c,c,t,?
n,f,w,v,f,b
b,s,c,v,t,b
n,y,c,v,f,?
b,k,c,v,f,b
n,k,c,v,f,?
b,k,c,y,f,b
b,k,c,v,f,b
b,f,c,s,t,b
n,f,c,y,f,?
n,s,c,v,f,?
b,s,c,v,t,b
n,k,c,v,f,?
b,s,c,v,t,b
b,s,c,v,t,b
b,s,c,c,t,?
b,f,c,s,t,b
n,f,w,v,f,b
b,k,c,v,f,b
n,f,c,y,f,?
b,s,c,s,t,b
b,s,c,v,t,b
b,k,c,y,f,b
b,f,c,s,t,b
n,k,c,v,f,?
b,k,c,v,f,b
b,s,c,s,t,b
b,f,c,s,t,b
n,k,c,v,f,?
b,k,c,y,f,b
n,k,c,v,f,?
b,s,c,v,t,b
b,k,c,v,f,b
n,s,c,v,f,?
n,s,c,v,f,?
b,s,c,c,t,?
n,f,c,y,f,?
b,f,c,v,t,b
b,k,c,y,f,b
n,s,c,v,f,?
n,s,c,v,f,?
n,s,c,v,f,?
n,k,c,v,f,?
n,s,c,v,f,?
n,k,c,v,f,?
n,s,c,v,f,?
n,s,c,v,f,?
n,k,c,v,f,?
n,k,c,v,f,?
n,k,c,v,f,?
n,s,c,v,f,?
n,k,c,v,f,?
n,s,c,v,f,?
n,k,c,v,f,?
n,k,c,v,f,?
n,k,c,v,f,?
n,s,c,v,f,?
n,s,c,v,f,?
n,k,c,v,f,?
n,s,c,v,f,?
n,k,c,v,f,?
n,k,c,v,f,?
n,s,c,v,f,?
n,s,c,v,f,?
n,k,c,v,f,?
n,k,c,v,f,?
n,k,c,v,f,?
n,s,c,v,f,?
n,s,c,v,f,?
n,k,c,v,f,?
n,k,c,v,f,?
n,k,c,v,f,?
n,k,c,v,f,?
n,k,c,v,f,?
n,k,c,v,f,?
n,s,c,v,f,?
n,s,c,v,f,?
b,s,c,c,f,?
n,k,c,v,f,?
b,s,c,v,f,?
n,s,c,v,f,?
n,s,c,v,f,?
n,k,c,v,f,?
n,s,c,v,f,?
n,k,c,v,f,?
n,s,c,v,f,?
n,k,c,v,f,?
n,k,c,v,f,?
n,k,c,v,f,?
n,k,c,v,f,?
n,k,c,v,f,?
n,s,c,v,f,?
n,k,c,v,f,?
n,k,c,v,f,?
n,s,c,v,f,?
n,s,c,v,f,?
n,s,c,v,f,?
n,s,c,v,f,?
n,s,c,v,f,?
n,k,c,v,f,?
n,s,c,v,f,?
n,s,c,v,f,?
n,k,c,v,f,?
n,s,c,v,f,?
n,s,c,v,f,?
n,k,c,v,f,?
n,k,c,v,f,?
b,k,w,n,f,?
n,k,c,v,f,?
n,k,c,v,f,?
n,s,c,v,f,?
n,s,c,v,f,?
n,k,c,v,f,?
n,k,c,v,f,?
n,s,c,v,f,?
n,k,c,v,f,?
n,k,c,v,f,?
n,s,c,v,f,?
n,s,c,v,f,?
n,s,c,v,f,?
n,k,c,v,f,?
n,k,c,v,f,?
n,s,c,v,f,?
n,s,c,v,f,?
n,s,c,v,f,?
n,s,c,v,f,?
n,s,c,v,f,?
n,s,c,v,f,?
n,k,c,v,f,?
n,k,c,v,f,?
n,k,c,v,f,?
n,k,c,v,f,?
n,k,c,v,f,?
n,k,c,v,f,?
n,s,c,v,f,?
n,k,c,v,f,?
n,k,c,v,f,?
n,k,c,v,f,?
n,s,c,v,f,?
n,k,c,v,f,?
n,s,c,v,f,?
n,s,c,v,f,?
n,s,c,v,f,?
n,k,c,v,f,?
n,k,c,v,f,?
n,k,c,v,f,?
n,k,c,v,f,?
n,s,c,v,f,?
n,s,c,v,f,?
n,k,c,v,f,?
n,k,c,v,f,?
n,k,c,v,f,?
n,s,c,v,f,?
n,s,c,v,f,?
n,k,c,v,f,?
n,k,c,v,f,?
n,s,c,v,f,?
n,s,c,v,f,?
n,k,c,v,f,?
b,s,c,v,t,b
n,k,c,v,f,?
n,s,c,v,f,?
n,k,c,v,f,?
n,k,c,v,f,?
n,k,c,v,f,?
n,s,c,v,f,?
n,k,c,v,f,?
n,s,c,v,f,?
n,k,c,v,f,?
n,s,c,v,f,?
n,s,c,v,f,?
n,k,c,v,f,?
n,s,c,v,f,?
n,s,c,v,f,?
n,s,c,v,f,?
n,s,c,v,f,?
n,k,c,v,f,?
n,k,c,v,f,?
n,s,c,v,f,?
n,k,c,v,f,?
n,s,c,v,f,?
b,s,w,n,f,?
n,s,c,v,f,?
n,k,c,v,f,?
n,s,c,v,f,?
n,k,c,v,f,?
b,s,w,s,f,?
n,k,c,v,f,?
n,s,c,v,f,?
n,s,c,v,f,?
n,k,c,v,f,?
n,k,c,v,f,?
n,k,c,v,f,?
n,k,c,v,f,?
n,s,c,v,f,?
n,s,c,v,f,?
n,s,c,v,f,?
n,k,c,v,f,?
n,s,c,v,f,?
n,s,c,v,f,?
n,k,c,v,f,?
n,s,c,v,f,?
n,k,c,v,f,?
n,s,c,v,f,?
n,s,c,v,f,?
n,k,c,v,f,?
n,k,c,v,f,?
n,k,c,v,f,?
n,s,c,v,f,?
n,s,c,v,f,?
n,k,c,v,f,?
n,s,c,v,f,?
n,s,c,v,f,?
n,s,c,v,f,?
n,k,c,v,f,?
n,s,c,v,f,?
n,s,c,v,f,?
n,s,c,v,f,?
n,s,c,v,f,?
n,s,c,v,f,?
n,k,c,v,f,?
n,s,c,v,f,?
n,k,c,v,f,?
n,k,c,v,f,?
n,k,c,v,f,?
n,k,c,v,f,?
n,k,c,v,f,?
n,k,c,v,f,?
n,s,c,v,f,?
n,k,c,v,f,?
n,k,c,v,f,?
n,s,c,v,f,?
n,k,c,v,f,?
b,k,w,n,f,?
n,k,c,v,f,?
n,s,c,v,f,?
n,s,c,v,f,?
n,s,c,v,f,?
n,k,c,v,f,?
n,k,c,v,f,?
n,k,c,v,f,?
n,s,c,v,f,?
b,s,w,s,f,?
n,k,c,v,f,?
n,s,c,v,f,?
n,s,c,v,f,?
n,k,c,v,f,?
n,k,c,v,f,?
n,k,c,v,f,?
n,k,c,v,f,?
n,k,c,v,f,?
n,k,c,v,f,?
n,k,c,v,f,?
b,s,w,n,f,?
n,k,c,v,f,?
n,s,c,v,f,?
n,k,c,v,f,?
n,k,c,v,f,?
b,k,w,s,f,?
n,s,c,v,f,?
n,s,c,v,f,?
n,k,c,v,f,?
n,k,c,v,f,?
n,s,c,v,f,?
n,s,c,v,f,?
n,k,c,v,f,?
n,k,c,v,f,?
n,k,c,v,f,?
n,s,c,v,f,?
n,s,c,v,f,?
n,s,c,v,f,?
n,s,c,v,f,?
n,k,c,v,f,?
n,k,c,v,f,?
n,s,c,v,f,?
n,s,c,v,f,?
n,k,c,v,f,?
n,k,c,v,f,?
n,k,c,v,f,?
n,k,c,v,f,?
n,s,c,v,f,?
n,k,c,v,f,?
n,s,c,v,f,?
n,s,c,v,f,?
n,s,c,v,f,?
n,s,c,v,f,?
n,k,c,v,f,?
n,k,c,v,f,?
n,k,c,v,f,?
n,k,c,v,f,?
n,k,c,v,f,?
n,s,c,v,f,?
n,k,c,v,f,?
n,k,c,v,f,?
n,k,c,v,f,?
n,s,c,v,f,?
n,s,c,v,f,?
n,k,c,v,f,?
n,k,c,v,f,?
n,k,c,v,f,?
b,s,w,s,f,?
n,s,c,v,f,?
n,k,c,v,f,?
n,k,c,v,f,?
n,k,c,v,f,?
n,s,c,v,f,?
n,s,c,v,f,?
n,k,c,v,f,?
n,s,c,v,f,?
n,s,c,v,f,?
n,s,c,v,f,?
n,k,c,v,f,?
n,k,c,v,f,?
n,k,c,v,f,?
n,s,c,v,f,?
n,s,c,v,f,?
n,s,c,v,f,?
n,k,c,v,f,?
b,k,w,s,f,?
n,k,c,v,f,?
n,s,c,v,f,?
n,k,c,v,f,?
n,s,c,v,f,?
n,s,c,v,f,?
n,k,c,v,f,?
n,k,c,v,f,?
n,s,c,v,f,?
n,s,c,v,f,?
n,s,c,v,f,?
n,s,c,v,f,?
n,s,c,v,f,?
n,s,c,v,f,?
n,s,c,v,f,?
n,s,c,v,f,?
n,k,c,v,f,?
n,s,c,v,f,?
n,k,c,v,f,?
n,s,c,v,f,?
n,k,c,v,f,?
n,s,c,v,f,?
n,s,c,v,f,?
n,k,c,v,f,?
n,k,c,v,f,?
n,k,c,v,f,?
n,s,c,v,f,?
n,s,c,v,f,?
n,k,c,v,f,?
n,s,c,v,f,?
n,s,c,v,f,?
n,s,c,v,f,?
n,s,c,v,f,?
n,k,c,v,f,?
n,s,c,v,f,?
n,s,c,v,f,?
n,s,c,v,f,?
n,k,c,v,f,?
n,s,c,v,f,?
n,s,c,v,f,?
n,s,c,v,f,?
n,k,c,v,f,?
n,s,c,v,f,?
n,k,c,v,f,?
n,s,c,v,f,?
n,s,c,v,f,?
n,s,c,v,f,?
n,k,c,v,f,?
n,s,c,v,f,?
n,s,c,v,f,?
n,k,c,v,f,?
n,k,c,v,f,?
b,k,w,s,f,?
n,s,c,v,f,?
n,s,c,v,f,?
n,s,c,v,f,?
n,k,c,v,f,?
n,k,c,v,f,?
n,s,c,v,f,?
n,s,c,v,f,?
n,k,c,v,f,?
n,k,c,v,f,?
n,k,c,v,f,?
n,s,c,v,f,?
n,k,c,v,f,?
n,s,c,v,f,?
n,k,c,v,f,?
n,s,c,v,f,?
n,s,c,v,f,?
n,k,c,v,f,?
n,k,c,v,f,?
n,k,c,v,f,?
n,s,c,v,f,?
n,k,c,v,f,?
n,s,c,v,f,?
n,k,c,v,f,?
n,s,c,v,f,?
n,k,c,v,f,?
n,s,c,v,f,?
n,s,c,v,f,?
n,k,c,v,f,?
n,s,c,v,f,?
n,s,c,v,f,?
n,k,c,v,f,?
n,k,c,v,f,?
n,k,c,v,f,?
n,k,c,v,f,?
b,k,w,n,f,?
n,s,c,v,f,?
n,s,c,v,f,?
n,k,c,v,f,?
n,s,c,v,f,?
n,s,c,v,f,?
n,s,c,v,f,?
n,k,c,v,f,?
n,s,c,v,f,?
b,s,c,v,f,?
n,s,c,v,f,?
n,k,c,v,f,?
n,k,c,v,f,?
n,k,c,v,f,?
n,s,c,v,f,?
n,s,c,v,f,?
n,k,c,v,f,?
n,s,c,v,f,?
n,s,c,v,f,?
n,s,c,v,f,?
n,k,c,v,f,?
n,s,c,v,f,?
n,k,c,v,f,?
n,s,c,v,f,?
n,k,c,v,f,?
n,k,c,v,f,?
n,k,c,v,f,?
n,s,c,v,f,?
n,k,c,v,f,?
n,s,c,v,f,?
b,s,w,s,f,?
n,s,c,v,f,?
n,k,c,v,f,?
n,s,c,v,f,?
n,k,c,v,f,?
n,s,c,v,f,?
n,k,c,v,f,?
b,k,w,s,f,?
n,s,c,v,f,?
n,k,c,v,f,?
b,k,w,s,f,?
n,k,c,v,f,?
n,s,c,v,f,?
n,k,c,v,f,?
n,s,c,v,f,?
n,k,c,v,f,?
n,k,c,v,f,?
n,k,c,v,f,?
n,s,c,v,f,?
b,y,c,c,f,c
n,k,c,v,f,?
n,s,c,v,f,?
n,k,c,v,f,?
n,s,c,v,f,?
n,k,c,v,f,?
n,s,c,v,f,?
n,k,c,v,f,?
n,k,c,v,f,?
b,s,c,c,f,?
n,k,c,v,f,?
n,s,c,v,f,?
n,s,c,v,f,?
n,s,c,v,f,?
n,s,c,v,f,?
n,k,c,v,f,?
n,k,c,v,f,?
n,s,c,v,f,?
n,k,c,v,f,?
b,s,c,v,f,?
n,k,c,v,f,?
n,s,c,v,f,?
n,s,c,v,f,?
n,k,c,v,f,?
n,s,c,v,f,?
n,s,c,v,f,?
n,k,c,v,f,?
n,s,c,v,f,?
n,s,c,v,f,?
n,s,c,v,f,?
n,s,c,v,f,?
n,s,c,v,f,?
n,s,c,v,f,?
n,k,c,v,f,?
b,k,w,n,f,?
n,k,c,v,f,?
n,k,c,v,f,?
n,s,c,v,f,?
n,k,c,v,f,?
n,k,c,v,f,?
n,k,c,v,f,?
n,k,c,v,f,?
n,k,c,v,f,?
n,k,c,v,f,?
n,s,c,v,f,?
n,k,c,v,f,?
n,s,c,v,f,?
n,k,c,v,f,?
n,s,c,v,f,?
n,s,c,v,f,?
n,s,c,v,f,?
n,s,c,v,f,?
n,s,c,v,f,?
n,k,c,v,f,?
n,s,c,v,f,?
n,s,c,v,f,?
n,k,c,v,f,?
n,k,c,v,f,?
n,k,c,v,f,?
n,k,c,v,f,?
n,k,c,v,f,?
n,s,c,v,f,?
n,s,c,v,f,?
n,k,c,v,f,?
n,k,c,v,f,?
n,s,c,v,f,?
n,k,c,v,f,?
n,s,c,v,f,?
n,k,c,v,f,?
n,k,c,v,f,?
n,s,c,v,f,?
n,k,c,v,f,?
n,k,c,v,f,?
n,k,c,v,f,?
n,k,c,v,f,?
n,k,c,v,f,?
n,k,c,v,f,?
n,s,c,v,f,?
n,k,c,v,f,?
n,k,c,v,f,?
n,s,c,v,f,?
n,k,c,v,f,?
n,k,c,v,f,?
n,k,c,v,f,?
n,s,c,v,f,?
n,s,c,v,f,?
n,s,c,v,f,?
n,k,c,v,f,?
n,k,c,v,f,?
n,s,c,v,f,?
n,s,c,v,f,?
n,s,c,v,f,?
n,k,c,v,f,?
n,s,c,v,f,?
b,s,w,n,f,?
n,s,c,v,f,?
n,s,c,v,f,?
n,k,c,v,f,?
n,s,c,v,f,?
n,k,c,v,f,?
n,s,c,v,f,?
n,k,c,v,f,?
b,k,w,n,f,?
n,s,c,v,f,?
n,k,c,v,f,?
n,s,c,v,f,?
n,k,c,v,f,?
n,s,c,v,f,?
n,s,c,v,f,?
n,k,c,v,f,?
n,k,c,v,f,?
n,s,c,v,f,?
n,s,c,v,f,?
n,k,c,v,f,?
n,s,c,v,f,?
b,k,w,n,f,?
n,k,c,v,f,?
n,k,c,v,f,?
n,s,c,v,f,?
n,s,c,v,f,?
n,s,c,v,f,?
n,s,c,v,f,?
n,s,c,v,f,?
n,s,c,v,f,?
n,k,c,v,f,?
n,k,c,v,f,?
n,s,c,v,f,?
n,k,c,v,f,?
n,k,c,v,f,?
n,s,c,v,f,?
n,s,c,v,f,?
n,k,c,v,f,?
n,s,c,v,f,?
n,s,c,v,f,?
n,s,c,v,f,?
n,k,c,v,f,?
n,s,c,v,f,?
n,s,c,v,f,?
n,k,c,v,f,?
n,k,c,v,f,?
n,k,c,v,f,?
n,s,c,v,f,?
n,k,c,v,f,?
b,s,c,v,f,?
n,s,c,v,f,?
n,s,c,v,f,?
n,k,c,v,f,?
n,s,c,v,f,?
n,s,c,v,f,?
n,k,c,v,f,?
n,s,c,v,f,?
n,k,c,v,f,?
n,s,c,v,f,?
n,k,c,v,f,?
n,k,c,v,f,?
n,s,c,v,f,?
n,k,c,v,f,?
n,s,c,v,f,?
n,k,c,v,f,?
n,s,c,v,f,?
n,s,c,v,f,?
n,s,c,v,f,?
n,k,c,v,f,?
n,s,c,v,f,?
n,k,c,v,f,?
n,k,c,v,f,?
n,s,c,v,f,?
n,s,c,v,f,?
n,s,c,v,f,?
n,k,c,v,f,?
n,s,c,v,f,?
n,k,c,v,f,?
n,k,c,v,f,?
n,s,c,v,f,?
n,s,c,v,f,?
n,s,c,v,f,?
n,s,c,v,f,?
n,k,c,v,f,?
n,k,c,v,f,?
n,s,c,v,f,?
n,k,c,v,f,?
n,k,c,v,f,?
n,k,c,v,f,?
n,s,c,v,f,?
b,k,w,n,f,?
n,k,c,v,f,?
n,s,c,v,f,?
n,s,c,v,f,?
n,s,c,v,f,?
n,k,c,v,f,?
n,s,c,v,f,?
n,s,c,v,f,?
n,k,c,v,f,?
n,s,c,v,f,?
n,k,c,v,f,?
n,s,c,v,f,?
n,k,c,v,f,?
n,k,c,v,f,?
n,k,c,v,f,?
n,k,c,v,f,?
n,s,c,v,f,?
n,s,c,v,f,?
n,s,c,v,f,?
n,s,c,v,f,?
n,s,c,v,f,?
n,s,c,v,f,?
n,s,c,v,f,?
n,k,c,v,f,?
n,k,c,v,f,?
n,s,c,v,f,?
n,k,c,v,f,?
n,k,c,v,f,?
n,k,c,v,f,?
n,k,c,v,f,?
n,k,c,v,f,?
n,s,c,v,f,?
n,s,c,v,f,?
n,s,c,v,f,?
n,s,c,v,f,?
n,k,c,v,f,?
n,s,c,v,f,?
n,k,c,v,f,?
n,s,c,v,f,?
n,k,c,v,f,?
n,k,c,v,f,?
n,s,c,v,f,?
n,s,c,v,f,?
n,s,c,v,f,?
n,k,c,v,f,?
n,k,c,v,f,?
n,s,c,v,f,?
n,s,c,v,f,?
n,k,c,v,f,?
n,s,c,v,f,?
n,s,c,v,f,?
n,s,c,v,f,?
n,k,c,v,f,?
n,s,c,v,f,?
n,s,c,v,f,?
n,s,c,v,f,?
n,k,c,v,f,?
n,s,c,v,f,?
n,s,c,v,f,?
n,s,c,v,f,?
n,s,c,v,f,?
b,k,w,s,f,?
n,s,c,v,f,?
n,s,c,v,f,?
b,s,c,v,f,?
n,s,c,v,f,?
n,k,c,v,f,?
n,k,c,v,f,?
n,s,c,v,f,?
b,y,c,c,f,c
n,s,c,v,f,?
n,k,c,v,f,?
n,k,c,v,f,?
n,k,c,v,f,?
n,k,c,v,f,?
n,s,c,v,f,?
n,k,c,v,f,?
n,k,c,v,f,?
n,s,c,v,f,?
n,k,c,v,f,?
n,k,c,v,f,?
n,k,c,v,f,?
n,k,c,v,f,?
n,s,c,v,f,?
n,k,c,v,f,?
n,s,c,v,f,?
n,k,c,v,f,?
n,k,c,v,f,?
n,s,c,v,f,?
n,s,c,v,f,?
n,s,c,v,f,?
n,k,c,v,f,?
n,s,c,v,f,?
n,k,c,v,f,?
n,k,c,v,f,?
n,k,c,v,f,?
n,k,c,v,f,?
n,s,c,v,f,?
n,k,c,v,f,?
n,k,c,v,f,?
n,k,c,v,f,?
n,s,c,v,f,?
n,s,c,v,f,?
n,k,c,v,f,?
n,s,c,v,f,?
n,k,c,v,f,?
n,s,c,v,f,?
n,s,c,v,f,?
n,k,c,v,f,?
n,s,c,v,f,?
n,k,c,v,f,?
n,k,c,v,f,?
n,k,c,v,f,?
n,k,c,v,f,?
n,k,c,v,f,?
n,s,c,v,f,?
n,k,c,v,f,?
n,k,c,v,f,?
n,s,c,v,f,?
n,k,c,v,f,?
n,s,c,v,f,?
n,k,c,v,f,?
n,k,c,v,f,?
n,s,c,v,f,?
n,k,c,v,f,?
n,k,c,v,f,?
n,k,c,v,f,?
n,s,c,v,f,?
n,k,c,v,f,?
n,s,c,v,f,?
n,s,c,v,f,?
n,s,c,v,f,?
n,s,c,v,f,?
n,s,c,v,f,?
n,k,c,v,f,?
n,k,c,v,f,?
n,k,c,v,f,?
n,k,c,v,f,?
n,k,c,v,f,?
n,k,c,v,f,?
n,s,c,v,f,?
n,s,c,v,f,?
n,s,c,v,f,?
n,k,c,v,f,?
n,s,c,v,f,?
b,k,w,s,f,?
n,k,c,v,f,?
n,k,c,v,f,?
n,s,c,v,f,?
n,k,c,v,f,?
n,s,c,v,f,?
n,s,c,v,f,?
n,s,c,v,f,?
b,s,w,s,f,?
n,s,c,v,f,?
n,k,c,v,f,?
n,s,c,v,f,?
n,k,c,v,f,?
n,k,c,v,f,?
n,s,c,v,f,?
n,s,c,v,f,?
n,k,c,v,f,?
n,s,c,v,f,?
b,s,w,s,f,?
b,s,c,c,f,?
n,s,c,v,f,?
n,s,c,v,f,?
n,s,c,v,f,?
n,s,c,v,f,?
n,s,c,v,f,?
n,s,c,v,f,?
n,s,c,v,f,?
n,k,c,v,f,?
n,k,c,v,f,?
n,k,c,v,f,?
b,k,w,n,f,?
n,s,c,v,f,?
n,s,c,v,f,?
n,s,c,v,f,?
n,s,c,v,f,?
n,k,c,v,f,?
n,k,c,v,f,?
n,k,c,v,f,?
n,s,c,v,f,?
n,s,c,v,f,?
n,k,c,v,f,?
n,k,c,v,f,?
n,s,c,v,f,?
n,s,c,v,f,?
n,s,c,v,f,?
n,k,c,v,f,?
n,k,c,v,f,?
n,k,c,v,f,?
n,s,c,v,f,?
n,s,c,v,f,?
n,k,c,v,f,?
n,k,c,v,f,?
n,k,c,v,f,?
n,s,c,v,f,?
n,s,c,v,f,?
n,k,c,v,f,?
n,s,c,v,f,?
n,s,c,v,f,?
n,k,c,v,f,?
n,k,c,v,f,?
n,k,c,v,f,?
n,s,c,v,f,?
n,k,c,v,f,?
n,k,c,v,f,?
n,s,c,v,f,?
n,k,c,v,f,?
n,s,c,v,f,?
n,k,c,v,f,?
n,s,c,v,f,?
n,k,c,v,f,?
n,s,c,v,f,?
n,k,c,v,f,?
n,k,c,v,f,?
n,k,c,v,f,?
n,k,c,v,f,?
n,k,c,v,f,?
n,s,c,v,f,?
n,s,c,v,f,?
n,s,c,v,f,?
n,s,c,v,f,?
n,k,c,v,f,?
n,k,c,v,f,?
n,s,c,v,f,?
b,s,w,n,f,?
n,s,c,v,f,?
n,s,c,v,f,?
n,k,c,v,f,?
n,s,c,v,f,?
n,k,c,v,f,?
n,k,c,v,f,?
n,k,c,v,f,?
n,k,c,v,f,?
n,s,c,v,f,?
n,s,c,v,f,?
n,s,c,v,f,?
n,k,c,v,f,?
n,s,c,v,f,?
n,s,c,v,f,?
n,s,c,v,f,?
n,s,c,v,f,?
n,s,c,v,f,?
n,s,c,v,f,?
n,k,c,v,f,?
n,k,c,v,f,?
n,k,c,v,f,?
b,s,c,c,f,?
n,k,c,v,f,?
n,s,c,v,f,?
n,k,c,v,f,?
n,k,c,v,f,?
n,k,c,v,f,?
b,y,c,c,f,c
n,k,c,v,f,?
n,k,c,v,f,?
n,s,c,v,f,?
n,s,c,v,f,?
b,k,w,s,f,?
n,s,c,v,f,?
n,k,c,v,f,?
n,s,c,v,f,?
n,k,c,v,f,?
n,s,c,v,f,?
n,k,c,v,f,?
n,s,c,v,f,?
n,s,c,v,f,?
n,k,c,v,f,?
n,k,c,v,f,?
n,k,c,v,f,?
n,k,c,v,f,?
n,s,c,v,f,?
n,s,c,v,f,?
n,s,c,v,f,?
n,k,c,v,f,?
n,s,c,v,f,?
n,k,c,v,f,?
n,k,c,v,f,?
n,s,c,v,f,?
n,k,c,v,f,?
n,s,c,v,f,?
n,k,c,v,f,?
b,k,w,n,f,?
n,k,c,v,f,?
n,k,c,v,f,?
n,k,c,v,f,?
n,s,c,v,f,?
n,s,c,v,f,?
n,s,c,v,f,?
n,k,c,v,f,?
n,s,c,v,f,?
n,s,c,v,f,?
n,k,c,v,f,?
n,k,c,v,f,?
n,k,c,v,f,?
n,s,c,v,f,?
n,k,c,v,f,?
n,s,c,v,f,?
b,s,c,v,f,?
n,k,c,v,f,?
n,s,c,v,f,?
n,s,c,v,f,?
b,s,c,y,t,b
b,s,c,c,f,?
b,k,w,n,f,?
b,k,w,s,f,?
n,k,c,v,f,?
n,s,c,v,f,?
b,s,c,c,f,?
n,k,c,v,f,?
n,y,w,c,f,c
n,s,c,v,f,?
b,k,w,n,f,?
n,k,c,v,f,?
n,k,c,v,f,?
n,k,c,v,f,?
n,s,c,v,f,?
n,k,c,v,f,?
b,k,w,s,f,?
n,s,c,v,f,?
n,s,c,v,f,?
n,s,c,v,f,?
b,k,w,n,f,?
n,k,c,v,f,?
n,s,c,v,f,?
b,s,c,c,f,?
b,s,c,y,t,b
n,k,c,v,f,?
n,k,c,v,f,?
n,s,c,v,f,?
b,k,w,n,f,?
n,k,c,v,f,?
n,s,c,v,f,?
n,s,c,v,f,?
n,s,c,v,f,?
b,s,w,s,f,?
b,s,w,n,f,?
n,k,c,v,f,?
n,k,c,v,f,?
b,s,c,v,t,b
n,s,c,v,f,?
n,k,c,v,f,?
n,k,c,v,f,?
b,y,c,c,f,c
n,k,c,v,f,?
n,s,c,v,f,?
n,k,c,v,f,?
n,k,c,v,f,?
n,k,c,v,f,?
n,s,c,v,f,?
b,s,w,s,f,?
n,s,c,v,f,?
n,k,c,v,f,?
n,k,c,v,f,?
n,k,c,v,f,?
n,s,c,v,f,?
b,s,w,s,f,?
n,s,c,v,f,?
n,s,c,v,f,?
n,k,c,v,f,?
n,s,c,v,f,?
n,k,c,v,f,?
n,s,c,v,f,?
n,k,c,v,f,?
n,s,c,v,f,?
b,y,c,y,f,b
n,s,c,v,f,?
n,k,c,v,f,?
b,y,c,y,f,b
n,k,c,v,f,?
n,s,c,v,f,?
n,k,c,v,f,?
n,s,c,v,f,?
b,s,w,s,f,?
n,k,c,v,f,?
n,k,c,v,f,?
n,s,c,v,f,?
n,s,c,v,f,?
n,k,c,v,f,?
n,s,c,v,f,?
n,s,c,v,f,?
n,k,c,v,f,?
b,y,c,y,f,b
n,s,c,v,f,?
n,s,c,v,f,?
n,k,c,v,f,?
n,s,c,v,f,?
b,s,c,c,f,?
b,k,w,n,f,?
b,y,c,c,f,c
n,s,c,v,f,?
n,k,c,v,f,?
b,s,c,c,f,?
n,s,c,v,f,?
n,k,c,v,f,?
b,s,w,s,f,?
b,k,w,s,f,?
b,s,c,v,f,?
n,s,c,v,f,?
n,s,c,v,f,?
n,s,c,v,f,?
b,k,w,s,f,?
b,k,w,n,f,?
b,s,w,s,f,?
n,s,c,v,f,?
n,s,c,v,f,?
b,k,w,s,f,?
b,k,w,s,f,?
n,k,c,v,f,?
b,s,w,s,f,?
n,s,c,v,f,?
n,k,c,v,f,?
n,k,c,v,f,?
b,k,w,s,f,?
b,s,w,n,f,?
n,s,c,v,f,?
n,s,c,v,f,?
b,k,w,s,f,?
b,k,w,n,f,?
n,k,c,v,f,?
b,s,c,v,t,b
n,s,c,v,f,?
n,k,c,v,f,?
b,s,c,c,f,?
b,s,c,c,f,?
n,s,c,v,f,?
n,s,c,v,f,?
n,s,c,v,f,?
n,k,c,v,f,?
n,k,c,v,f,?
b,s,w,n,f,?
b,s,c,c,f,?
b,y,c,c,f,c
b,s,w,s,f,?
b,s,c,v,f,?
b,s,c,v,f,?
n,s,c,v,f,?
b,s,w,n,f,?
b,s,w,s,f,?
b,s,c,v,f,?
n,k,c,v,f,?
n,s,c,v,f,?
n,s,c,v,f,?
n,s,c,v,f,?
b,k,w,n,f,?
n,k,c,v,f,?
n,s,c,v,f,?
n,s,c,v,f,?
b,k,w,s,f,?
b,s,c,c,f,?
n,k,c,v,f,?
n,s,c,v,f,?
b,s,c,v,f,?
n,s,c,v,f,?
n,k,c,v,f,?
n,k,c,v,f,?
n,s,c,v,f,?
n,s,c,v,f,?
n,s,c,v,f,?
n,s,c,v,f,?
n,k,c,v,f,?
b,s,c,y,t,b
n,k,c,v,f,?
b,y,c,c,f,c
n,s,c,v,f,?
b,k,w,s,f,?
n,s,c,v,f,?
n,k,c,v,f,?
n,k,c,v,f,?
n,k,c,v,f,?
n,s,c,v,f,?
b,s,c,y,t,b
n,k,c,v,f,?
n,k,c,v,f,?
n,s,c,v,f,?
n,k,c,v,f,?
n,s,c,v,f,?
b,s,c,c,f,?
n,k,c,v,f,?
n,k,c,v,f,?
n,k,c,v,f,?
n,k,c,v,f,?
n,k,c,v,f,?
n,s,c,v,f,?
b,s,w,s,f,?
n,s,c,v,f,?
n,k,c,v,f,?
b,s,w,n,f,?
b,s,c,v,f,?
b,y,c,c,f,c
n,k,c,v,f,?
n,k,c,v,f,?
n,k,c,v,f,?
n,s,c,v,f,?
n,s,c,v,f,?
n,k,c,v,f,?
b,k,w,n,f,?
n,k,c,v,f,?
b,y,c,c,f,c
n,k,c,v,f,?
n,k,c,v,f,?
b,k,w,s,f,?
n,k,c,v,f,?
n,k,c,v,f,?
n,s,c,v,f,?
n,k,c,v,f,?
n,k,c,v,f,?
n,s,c,v,f,?
b,s,w,n,f,?
b,y,c,c,f,c
n,s,c,v,f,?
n,k,c,v,f,?
n,s,c,v,f,?
n,k,c,v,f,?
b,s,c,v,t,b
n,s,c,v,f,?
n,s,c,v,f,?
b,k,w,n,f,?
n,s,c,v,f,?
n,s,c,v,f,?
n,s,c,v,f,?
b,k,w,n,f,?
n,s,c,v,f,?
n,k,c,v,f,?
n,k,c,v,f,?
n,k,c,v,f,?
b,s,c,v,f,?
n,k,c,v,f,?
n,s,c,v,f,?
n,k,c,v,f,?
n,k,c,v,f,?
b,s,c,v,f,?
b,k,w,s,f,?
b,s,c,v,f,?
b,k,w,n,f,?
n,s,c,v,f,?
n,k,c,v,f,?
n,k,c,v,f,?
n,s,c,v,f,?
b,s,w,n,f,?
n,s,c,v,f,?
b,k,w,n,f,?
n,s,c,v,f,?
n,k,c,v,f,?
b,y,c,c,f,c
n,s,c,v,f,?
n,s,c,v,f,?
n,k,c,v,f,?
n,s,c,v,f,?
n,k,c,v,f,?
n,k,c,v,f,?
b,s,w,s,f,?
n,s,c,v,f,?
n,s,c,v,f,?
n,s,c,v,f,?
n,k,c,v,f,?
b,k,w,n,f,?
n,s,c,v,f,?
n,s,c,v,f,?
n,s,c,v,f,?
b,s,w,s,f,?
n,k,c,v,f,?
n,k,c,v,f,?
n,k,c,v,f,?
b,y,c,c,f,c
b,s,w,s,f,?
n,k,c,v,f,?
n,k,c,v,f,?
b,k,w,n,f,?
n,k,c,v,f,?
n,k,c,v,f,?
b,s,c,c,f,?
n,k,c,v,f,?
n,k,c,v,f,?
b,s,c,c,f,?
n,k,c,v,f,?
n,k,c,v,f,?
n,s,c,v,f,?
n,s,c,v,f,?
b,s,c,y,t,b
b,s,c,c,f,?
b,k,w,n,f,?
n,s,c,v,f,?
b,s,w,n,f,?
n,k,c,v,f,?
n,s,c,v,f,?
b,s,c,c,f,?
n,s,c,v,f,?
n,s,c,v,f,?
n,s,c,v,f,?
n,s,c,v,f,?
n,s,c,v,f,?
n,k,c,v,f,?
b,y,c,y,f,b
n,s,c,v,f,?
n,k,c,v,f,?
n,s,c,v,f,?
n,s,c,v,f,?
b,s,w,n,f,?
n,k,c,v,f,?
b,s,w,s,f,?
n,k,c,v,f,?
b,k,w,n,f,?
b,s,c,c,f,?
n,s,c,v,f,?
n,s,c,v,f,?
b,k,w,n,f,?
n,s,c,v,f,?
n,s,c,v,f,?
b,s,w,n,f,?
n,s,c,v,f,?
n,s,c,v,f,?
n,k,c,v,f,?
n,s,c,v,f,?
n,s,c,v,f,?
b,k,w,n,f,?
n,k,c,v,f,?
n,s,c,v,f,?
b,k,w,n,f,?
b,s,c,v,f,?
b,s,w,n,f,?
n,s,c,v,f,?
n,s,c,v,f,?
n,k,c,v,f,?
b,s,w,s,f,?
n,k,c,v,f,?
b,s,c,v,f,?
b,k,w,n,f,?
b,y,c,c,f,c
b,k,w,s,f,?
n,k,c,v,f,?
b,s,c,c,f,?
b,s,w,n,f,?
b,s,c,c,f,?
b,k,w,n,f,?
n,s,c,v,f,?
n,k,c,v,f,?
b,s,c,c,f,?
n,k,c,v,f,?
n,k,c,v,f,?
n,k,c,v,f,?
n,k,c,v,f,?
b,s,c,v,f,?
b,k,w,s,f,?
b,s,c,c,f,?
n,s,c,v,f,?
n,k,c,v,f,?
n,s,c,v,f,?
n,s,c,v,f,?
b,s,c,c,f,?
n,s,c,v,f,?
b,s,c,v,f,?
n,k,c,v,f,?
b,s,w,s,f,?
n,s,c,v,f,?
n,k,c,v,f,?
b,s,w,s,f,?
n,s,c,v,f,?
b,s,w,n,f,?
n,k,c,v,f,?
n,k,c,v,f,?
b,k,w,n,f,?
n,s,c,v,f,?
b,y,c,c,f,c
b,s,w,n,f,?
n,k,c,v,f,?
n,s,c,v,f,?
n,k,c,v,f,?
b,k,w,n,f,?
b,s,w,s,f,?
n,k,c,v,f,?
b,s,w,n,f,?
n,k,c,v,f,?
n,s,c,v,f,?
b,s,w,s,f,?
n,k,c,v,f,?
b,s,w,s,f,?
n,k,c,v,f,?
b,k,w,n,f,?
b,s,c,v,f,?
n,s,c,v,f,?
n,k,c,v,f,?
b,s,w,n,f,?
b,y,c,c,f,c
n,k,c,v,f,?
n,k,c,v,f,?
n,s,c,v,f,?
n,k,c,v,f,?
b,s,c,c,f,?
n,s,c,v,f,?
b,y,c,y,f,b
b,s,w,n,f,?
n,k,c,v,f,?
n,y,w,c,f,c
n,s,c,v,f,?
n,k,c,v,f,?
n,k,c,v,f,?
b,s,c,c,f,?
b,s,c,y,t,b
b,s,w,n,f,?
n,k,c,v,f,?
n,k,c,v,f,?
n,s,c,v,f,?
b,k,w,n,f,?
b,s,c,c,f,?
n,k,c,v,f,?
n,s,c,v,f,?
b,s,w,s,f,?
n,k,c,v,f,?
b,s,w,s,f,?
n,s,c,v,f,?
n,k,c,v,f,?
b,s,w,n,f,?
b,k,w,n,f,?
n,k,c,v,f,?
n,s,c,v,f,?
n,s,c,v,f,?
b,k,w,n,f,?
n,k,c,v,f,?
n,k,c,v,f,?
n,s,c,v,f,?
b,y,c,c,f,c
n,s,c,v,f,?
b,s,c,c,f,?
n,s,c,v,f,?
b,s,c,v,f,?
b,s,w,n,f,?
b,s,w,n,f,?
n,k,c,v,f,?
n,k,c,v,f,?
n,s,c,v,f,?
n,k,c,v,f,?
b,s,w,s,f,?
b,s,w,n,f,?
b,y,c,c,f,c
n,s,c,v,f,?
n,k,c,v,f,?
n,s,c,v,f,?
n,k,c,v,f,?
n,k,c,v,f,?
b,y,c,c,f,c
n,k,c,v,f,?
b,s,w,n,f,?
n,k,c,v,f,?
b,s,w,s,f,?
n,k,c,v,f,?
n,k,c,v,f,?
b,s,w,s,f,?
b,s,w,s,f,?
n,s,c,v,f,?
b,s,c,c,f,?
b,s,c,y,t,b
b,k,w,n,f,?
n,k,c,v,f,?
n,k,c,v,f,?
n,s,c,v,f,?
b,s,w,n,f,?
b,k,w,s,f,?
b,s,c,y,t,b
b,s,w,s,f,?
n,s,c,v,f,?
n,s,c,v,f,?
n,s,c,v,f,?
n,k,c,v,f,?
b,s,c,c,f,?
n,y,w,c,f,c
b,y,c,c,f,c
n,s,c,v,f,?
b,s,c,v,t,b
n,k,c,v,f,?
b,k,w,n,f,?
b,k,w,s,f,?
n,s,c,v,f,?
b,s,c,v,f,?
b,s,c,v,f,?
b,s,c,y,t,b
b,s,w,s,f,?
n,s,c,v,f,?
n,s,c,v,f,?
n,s,c,v,f,?
n,s,c,v,f,?
n,s,c,v,f,?
n,s,c,v,f,?
b,s,w,n,f,?
b,y,c,c,f,c
n,s,c,v,f,?
b,s,c,v,f,?
n,k,c,v,f,?
b,k,w,s,f,?
b,k,w,s,f,?
n,k,c,v,f,?
n,s,c,v,f,?
n,k,c,v,f,?
n,s,c,v,f,?
n,k,c,v,f,?
n,k,c,v,f,?
b,k,w,s,f,?
n,k,c,v,f,?
b,k,w,s,f,?
n,y,w,c,f,c
n,k,c,v,f,?
n,k,c,v,f,?
b,s,w,s,f,?
b,s,c,v,f,?
n,k,c,v,f,?
b,s,c,c,f,?
n,s,c,v,f,?
n,k,c,v,f,?
n,s,c,v,f,?
b,s,w,s,f,?
b,s,c,c,f,?
b,s,c,v,f,?
n,k,c,v,f,?
b,s,c,v,t,b
b,s,w,s,f,?
n,s,c,v,f,?
b,s,w,n,f,?
n,s,c,v,f,?
n,s,c,v,f,?
n,s,c,v,f,?
b,s,c,y,t,b
n,s,c,v,f,?
n,s,c,v,f,?
b,s,c,c,f,?
n,k,c,v,f,?
n,k,c,v,f,?
n,k,c,v,f,?
n,k,c,v,f,?
n,k,c,v,f,?
n,k,c,v,f,?
b,s,c,c,f,?
n,s,c,v,f,?
b,s,w,s,f,?
n,s,c,v,f,?
n,k,c,v,f,?
b,s,c,v,f,?
n,k,c,v,f,?
b,k,w,s,f,?
b,s,c,v,f,?
n,s,c,v,f,?
n,s,c,v,f,?
b,s,c,y,t,b
b,k,w,n,f,?
b,s,w,n,f,?
b,s,c,c,f,?
n,k,c,v,f,?
n,s,c,v,f,?
b,y,c,y,f,b
b,k,w,s,f,?
n,k,c,v,f,?
n,k,c,v,f,?
n,k,c,v,f,?
n,k,c,v,f,?
b,s,c,v,f,?
n,s,c,v,f,?
n,k,c,v,f,?
n,k,c,v,f,?
b,s,c,c,f,?
b,s,w,n,f,?
n,k,c,v,f,?
n,s,c,v,f,?
b,s,w,s,f,?
n,k,c,v,f,?
n,s,c,v,f,?
n,k,c,v,f,?
b,s,c,c,f,?
b,k,w,s,f,?
b,y,c,c,f,c
n,s,c,v,f,?
n,s,c,v,f,?
n,k,c,v,f,?
n,k,c,v,f,?
n,s,c,v,f,?
n,s,c,v,f,?
n,s,c,v,f,?
n,s,c,v,f,?
n,s,c,v,f,?
b,k,w,s,f,?
b,y,c,c,f,c
b,s,c,v,t,b
n,k,c,v,f,?
n,y,w,c,f,c
n,s,c,v,f,?
b,y,c,c,f,c
b,s,w,n,f,?
n,k,c,v,f,?
n,s,c,v,f,?
n,s,c,v,f,?
b,s,c,c,f,?
n,s,c,v,f,?
n,k,c,v,f,?
n,k,c,v,f,?
n,k,c,v,f,?
n,k,c,v,f,?
n,s,c,v,f,?
n,k,c,v,f,?
b,s,w,s,f,?
b,k,w,s,f,?
b,k,w,s,f,?
n,s,c,v,f,?
n,k,c,v,f,?
n,k,c,v,f,?
n,s,c,v,f,?
n,s,c,v,f,?
n,k,c,v,f,?
n,s,c,v,f,?
n,k,c,v,f,?
n,k,c,v,f,?
b,s,c,c,f,?
n,s,c,v,f,?
n,k,c,v,f,?
b,s,w,n,f,?
b,s,w,n,f,?
n,s,c,v,f,?
b,s,c,c,f,?
n,k,c,v,f,?
n,s,c,v,f,?
n,s,c,v,f,?
n,s,c,v,f,?
n,k,c,v,f,?
b,s,c,c,f,?
b,s,c,c,f,?
b,k,w,s,f,?
n,k,c,v,f,?
b,s,c,c,f,?
n,s,c,v,f,?
b,k,w,s,f,?
b,s,w,n,f,?
n,k,c,v,f,?
b,s,c,c,f,?
b,k,w,n,f,?
b,y,c,y,f,b
b,k,w,s,f,?
b,k,w,n,f,?
b,y,c,c,f,c
b,s,c,c,f,?
n,k,c,v,f,?
n,k,c,v,f,?
b,s,w,n,f,?
b,k,w,s,f,?
b,s,w,s,f,?
b,s,c,v,f,?
n,s,c,v,f,?
n,k,c,v,f,?
n,k,c,v,f,?
b,s,c,v,f,?
b,s,c,v,t,b
n,k,c,v,f,?
b,s,w,s,f,?
n,s,c,v,f,?
b,k,w,s,f,?
n,k,c,v,f,?
n,s,c,v,f,?
b,s,c,c,f,?
n,k,c,v,f,?
n,k,c,v,f,?
b,s,c,v,f,?
b,k,w,n,f,?
b,s,w,n,f,?
b,s,c,v,f,?
n,s,c,v,f,?
n,k,c,v,f,?
b,s,w,s,f,?
n,s,c,v,f,?
b,s,w,s,f,?
n,k,c,v,f,?
n,k,c,v,f,?
n,s,c,v,f,?
b,y,c,y,f,b
n,s,c,v,f,?
n,s,c,v,f,?
b,s,w,s,f,?
n,k,c,v,f,?
n,s,c,v,f,?
b,s,w,n,f,?
n,k,c,v,f,?
n,k,c,v,f,?
n,s,c,v,f,?
n,s,c,v,f,?
b,k,w,n,f,?
n,s,c,v,f,?
n,k,c,v,f,?
b,s,w,s,f,?
b,s,w,n,f,?
b,s,w,s,f,?
n,k,c,v,f,?
n,k,c,v,f,?
n,k,c,v,f,?
b,k,w,s,f,?
n,s,c,v,f,?
n,k,c,v,f,?
b,k,w,s,f,?
n,k,c,v,f,?
n,s,c,v,f,?
n,k,c,v,f,?
b,s,c,v,t,b
n,k,c,v,f,?
n,k,c,v,f,?
n,y,w,c,f,c
n,k,c,v,f,?
b,s,c,y,t,b
n,s,c,v,f,?
b,k,w,s,f,?
n,s,c,v,f,?
n,k,c,v,f,?
n,s,c,v,f,?
n,s,c,v,f,?
b,s,w,n,f,?
b,s,w,n,f,?
n,s,c,v,f,?
b,s,c,c,f,?
n,k,c,v,f,?
n,k,c,v,f,?
b,s,w,s,f,?
n,s,c,v,f,?
b,s,c,v,f,?
n,s,c,v,f,?
n,s,c,v,f,?
n,s,c,v,f,?
n,s,c,v,f,?
b,s,w,n,f,?
b,s,w,s,f,?
n,k,c,v,f,?
n,k,c,v,f,?
b,k,w,s,f,?
b,s,c,c,f,?
n,s,c,v,f,?
n,s,c,v,f,?
b,s,c,v,f,?
b,k,w,s,f,?
b,k,w,n,f,?
n,s,c,v,f,?
n,s,c,v,f,?
b,y,c,c,f,c
b,s,c,c,f,?
n,k,c,v,f,?
n,k,c,v,f,?
n,k,c,v,f,?
b,s,w,s,f,?
b,s,w,s,f,?
b,s,w,n,f,?
b,k,w,n,f,?
b,s,w,n,f,?
n,s,c,v,f,?
n,s,c,v,f,?
n,s,c,v,f,?
n,k,c,v,f,?
b,s,w,s,f,?
b,k,w,s,f,?
b,s,w,n,f,?
b,s,c,c,f,?
n,s,c,v,f,?
n,s,c,v,f,?
n,k,c,v,f,?
n,k,c,v,f,?
n,k,c,v,f,?
b,s,c,v,f,?
b,k,w,s,f,?
n,s,c,v,f,?
n,s,c,v,f,?
b,k,w,s,f,?
n,k,c,v,f,?
b,s,c,c,f,?
b,s,c,v,f,?
n,k,c,v,f,?
n,k,c,v,f,?
n,s,c,v,f,?
n,k,c,v,f,?
n,k,c,v,f,?
b,k,w,s,f,?
n,s,c,v,f,?
b,s,c,v,t,b
b,s,c,v,f,?
n,k,c,v,f,?
n,s,c,v,f,?
n,s,c,v,f,?
b,k,w,s,f,?
n,k,c,v,f,?
b,k,w,s,f,?
n,k,c,v,f,?
b,k,w,s,f,?
n,k,c,v,f,?
n,k,c,v,f,?
b,s,w,n,f,?
n,s,c,v,f,?
n,k,c,v,f,?
b,s,c,v,f,?
b,s,c,v,f,?
n,s,c,v,f,?
n,s,c,v,f,?
b,s,c,c,f,?
n,k,c,v,f,?
n,s,c,v,f,?
n,k,c,v,f,?
n,s,c,v,f,?
n,k,c,v,f,?
b,k,w,n,f,?
b,s,c,v,f,?
n,k,c,v,f,?
b,s,c,v,f,?
b,y,c,y,f,b
n,s,c,v,f,?
b,s,c,y,t,b
b,s,c,v,t,b
n,y,w,c,f,c
n,s,c,v,f,?
n,k,c,v,f,?
b,y,c,c,f,c
b,s,c,v,f,?
n,k,c,v,f,?
b,k,w,s,f,?
n,s,c,v,f,?
b,y,c,c,f,c
n,s,c,v,f,?
b,s,c,c,f,?
b,y,c,y,f,b
n,s,c,v,f,?
n,s,c,v,f,?
b,k,w,s,f,?
b,s,c,v,t,b
n,s,c,v,f,?
b,s,c,c,f,?
b,s,w,n,f,?
b,s,w,n,f,?
n,s,c,v,f,?
b,y,c,c,f,c
n,s,c,v,f,?
b,s,c,c,f,?
n,s,c,v,f,?
n,s,c,v,f,?
n,s,c,v,f,?
n,k,c,v,f,?
n,k,c,v,f,?
n,k,c,v,f,?
b,s,w,n,f,?
b,s,c,v,f,?
n,k,c,v,f,?
n,y,w,c,f,c
b,s,w,n,f,?
b,s,c,c,f,?
n,s,c,v,f,?
b,k,w,s,f,?
b,s,w,n,f,?
b,s,c,c,f,?
b,k,w,n,f,?
b,k,w,n,f,?
b,k,w,n,f,?
b,s,w,n,f,?
n,s,c,v,f,?
n,s,c,v,f,?
b,s,w,s,f,?
b,s,w,s,f,?
n,s,c,v,f,?
n,s,c,v,f,?
n,k,c,v,f,?
n,k,c,v,f,?
n,s,c,v,f,?
b,s,c,v,f,?
n,k,c,v,f,?
b,s,w,n,f,?
b,s,c,v,f,?
b,k,w,n,f,?
n,s,c,v,f,?
b,s,c,v,f,?
n,k,c,v,f,?
n,s,c,v,f,?
n,k,c,v,f,?
b,s,w,s,f,?
n,s,c,v,f,?
n,k,c,v,f,?
b,k,w,s,f,?
n,k,c,v,f,?
n,k,c,v,f,?
n,s,c,v,f,?
b,s,w,n,f,?
b,k,w,s,f,?
n,s,c,v,f,?
b,y,c,y,f,b
n,k,c,v,f,?
n,s,c,v,f,?
b,s,c,v,f,?
b,k,w,n,f,?
n,s,c,v,f,?
n,s,c,v,f,?
n,k,c,v,f,?
n,k,c,v,f,?
b,s,c,c,f,?
n,s,c,v,f,?
b,s,w,s,f,?
b,s,c,c,f,?
n,k,c,v,f,?
n,s,c,v,f,?
n,k,c,v,f,?
b,k,w,n,f,?
n,s,c,v,f,?
b,s,w,s,f,?
n,s,c,v,f,?
n,k,c,v,f,?
n,s,c,v,f,?
b,y,c,c,f,c
n,k,c,v,f,?
b,s,w,s,f,?
n,s,c,v,f,?
b,y,c,c,f,c
n,s,c,v,f,?
b,s,c,c,f,?
n,s,c,v,f,?
b,k,w,n,f,?
b,k,w,n,f,?
b,s,c,v,f,?
n,k,c,v,f,?
b,s,c,c,f,?
b,s,w,n,f,?
n,s,c,v,f,?
n,k,c,v,f,?
b,k,w,n,f,?
b,s,w,n,f,?
n,k,c,v,f,?
b,y,c,c,f,c
n,s,c,v,f,?
n,k,c,v,f,?
b,s,w,s,f,?
n,s,c,v,f,?
b,s,c,v,f,?
n,k,c,v,f,?
n,s,c,v,f,?
b,s,c,v,f,?
b,s,c,v,f,?
b,k,w,n,f,?
b,s,c,c,f,?
n,k,c,v,f,?
b,s,c,v,f,?
b,s,c,c,f,?
n,k,c,v,f,?
b,s,c,c,f,?
n,s,c,v,f,?
b,k,w,n,f,?
n,s,c,v,f,?
b,s,c,v,f,?
n,k,c,v,f,?
b,s,w,s,f,?
b,k,w,s,f,?
b,s,c,v,f,?
b,s,c,c,f,?
n,s,c,v,f,?
b,k,w,n,f,?
n,s,c,v,f,?
n,s,c,v,f,?
n,s,c,v,f,?
n,s,c,v,f,?
n,k,c,v,f,?
n,s,c,v,f,?
b,s,w,n,f,?
n,s,c,v,f,?
n,s,c,v,f,?
n,s,c,v,f,?
b,s,w,n,f,?
b,s,c,c,f,?
b,k,w,n,f,?
n,k,c,v,f,?
n,s,c,v,f,?
n,s,c,v,f,?
n,s,c,v,f,?
n,s,c,v,f,?
b,s,c,v,f,?
b,s,w,s,f,?
n,s,c,v,f,?
n,s,c,v,f,?
b,s,w,n,f,?
b,s,c,v,f,?
b,k,w,n,f,?
n,k,c,v,f,?
n,k,c,v,f,?
n,s,c,v,f,?
n,s,c,v,f,?
n,k,c,v,f,?
b,s,c,c,f,?
n,s,c,v,f,?
n,k,c,v,f,?
n,k,c,v,f,?
b,k,w,s,f,?
n,s,c,v,f,?
n,s,c,v,f,?
n,s,c,v,f,?
b,s,c,v,f,?
b,y,c,y,f,b
n,s,c,v,f,?
n,k,c,v,f,?
b,k,w,s,f,?
n,s,c,v,f,?
n,s,c,v,f,?
b,s,c,c,f,?
b,k,w,s,f,?
b,k,w,n,f,?
n,k,c,v,f,?
n,s,c,v,f,?
b,s,c,v,t,b
n,s,c,v,f,?
b,s,w,s,f,?
n,k,c,v,f,?
n,k,c,v,f,?
n,k,c,v,f,?
b,s,w,s,f,?
b,s,c,v,f,?
n,s,c,v,f,?
b,s,w,s,f,?
n,s,c,v,f,?
b,s,w,s,f,?
b,y,c,c,f,c
b,s,c,v,f,?
b,k,w,n,f,?
b,s,c,v,f,?
n,k,c,v,f,?
b,s,c,v,f,?
b,k,w,n,f,?
n,k,c,v,f,?
b,k,w,n,f,?
b,s,c,v,t,b
n,s,c,v,f,?
b,k,w,n,f,?
b,s,c,c,f,?
n,k,c,v,f,?
n,k,c,v,f,?
n,k,c,v,f,?
n,k,c,v,f,?
b,s,c,c,f,?
n,s,c,v,f,?
b,k,w,s,f,?
n,k,c,v,f,?
b,y,c,y,f,b
n,k,c,v,f,?
b,k,w,s,f,?
n,s,c,v,f,?
n,s,c,v,f,?
n,s,c,v,f,?
b,s,c,c,f,?
b,s,w,n,f,?
b,s,c,c,f,?
b,s,c,y,t,b
b,y,c,c,f,c
n,s,c,v,f,?
n,s,c,v,f,?
b,s,c,v,f,?
b,s,c,c,f,?
b,s,c,v,t,b
n,s,c,v,f,?
n,k,c,v,f,?
n,s,c,v,f,?
n,k,c,v,f,?
n,s,c,v,f,?
b,s,c,v,t,b
b,s,c,c,f,?
b,k,w,n,f,?
b,k,w,s,f,?
b,s,c,c,f,?
b,s,c,c,f,?
b,s,w,n,f,?
n,s,c,v,f,?
b,k,w,s,f,?
n,s,c,v,f,?
n,k,c,v,f,?
n,k,c,v,f,?
b,s,c,v,f,?
b,s,c,y,t,b
b,k,w,n,f,?
n,s,c,v,f,?
n,k,c,v,f,?
n,k,c,v,f,?
b,s,c,c,f,?
b,s,c,v,f,?
b,s,w,s,f,?
n,s,c,v,f,?
b,s,w,s,f,?
b,k,w,n,f,?
b,s,w,n,f,?
b,s,c,v,f,?
n,k,c,v,f,?
b,s,c,v,f,?
n,s,c,v,f,?
b,y,c,c,f,c
n,s,c,v,f,?
b,k,w,n,f,?
b,y,c,y,f,b
b,s,c,c,f,?
b,y,c,y,f,b
n,k,c,v,f,?
b,s,c,c,f,?
n,k,c,v,f,?
n,s,c,v,f,?
b,s,w,n,f,?
n,k,c,v,f,?
b,s,w,s,f,?
b,s,c,c,f,?
n,k,c,v,f,?
b,s,c,v,f,?
n,k,c,v,f,?
n,s,c,v,f,?
b,s,c,v,f,?
b,s,c,c,f,?
b,y,c,y,f,b
b,s,w,s,f,?
b,s,c,v,f,?
n,k,c,v,f,?
n,s,c,v,f,?
n,k,c,v,f,?
n,k,c,v,f,?
n,k,c,v,f,?
b,s,c,v,f,?
b,s,c,v,f,?
b,s,c,v,f,?
n,s,c,v,f,?
b,s,c,v,f,?
b,s,w,s,f,?
b,k,w,s,f,?
n,s,c,v,f,?
b,k,w,n,f,?
b,k,w,s,f,?
b,k,w,s,f,?
n,s,c,v,f,?
n,s,c,v,f,?
n,k,c,v,f,?
n,k,c,v,f,?
n,s,c,v,f,?
b,s,c,c,f,?
b,s,c,v,f,?
n,s,c,v,f,?
n,s,c,v,f,?
b,s,w,n,f,?
b,k,w,s,f,?
n,k,c,v,f,?
n,s,c,v,f,?
n,s,c,v,f,?
b,s,c,c,f,?
b,s,w,n,f,?
b,s,c,v,f,?
n,k,c,v,f,?
b,s,c,y,t,b
n,k,c,v,f,?
b,s,c,v,f,?
n,s,c,v,f,?
b,s,c,c,f,?
b,s,c,v,f,?
b,s,c,c,f,?
n,s,c,v,f,?
b,s,w,n,f,?
n,k,c,v,f,?
n,k,c,v,f,?
n,s,c,v,f,?
n,k,c,v,f,?
b,k,w,s,f,?
b,s,c,v,f,?
n,k,c,v,f,?
b,s,c,v,f,?
b,s,w,n,f,?
b,s,c,v,f,?
b,s,c,v,f,?
n,k,c,v,f,?
n,s,c,v,f,?
n,s,c,v,f,?
n,k,c,v,f,?
n,k,c,v,f,?
b,s,w,s,f,?
n,s,c,v,f,?
b,s,c,v,f,?
n,k,c,v,f,?
b,s,c,c,f,?
b,s,c,c,f,?
b,s,c,c,f,?
n,k,c,v,f,?
b,s,c,v,f,?
n,k,c,v,f,?
b,s,c,v,f,?
b,k,w,n,f,?
b,s,c,c,f,?
b,s,c,c,f,?
b,s,c,v,f,?
b,s,w,s,f,?
n,s,c,v,f,?
n,k,c,v,f,?
n,s,c,v,f,?
n,k,c,v,f,?
n,s,c,v,f,?
b,k,w,s,f,?
b,k,w,s,f,?
b,s,c,v,f,?
n,s,c,v,f,?
b,s,c,v,f,?
n,k,c,v,f,?
n,s,c,v,f,?
n,k,c,v,f,?
n,s,c,v,f,?
n,k,c,v,f,?
b,s,w,n,f,?
b,y,c,c,f,c
b,s,w,n,f,?
n,k,c,v,f,?
n,k,c,v,f,?
b,k,w,s,f,?
b,s,c,v,f,?
n,s,c,v,f,?
b,s,c,c,f,?
b,s,c,c,f,?
b,s,c,v,f,?
b,s,c,v,f,?
b,s,c,v,f,?
b,s,c,c,f,?
n,s,c,v,f,?
b,s,w,n,f,?
b,s,c,v,f,?
b,s,w,n,f,?
b,s,c,v,f,?
n,k,c,v,f,?
b,y,c,c,f,c
b,s,c,v,f,?
n,k,c,v,f,?
n,s,c,v,f,?
n,s,c,v,f,?
b,s,c,c,f,?
b,s,c,v,f,?
b,s,c,c,f,?
n,k,c,v,f,?
b,s,c,c,f,?
